q_inverse_angstroms,debye,propo{e=0.380}_VancomycinLacticAcid,propo{e=0.380}_VancomycinLacticAcid_relDiffDebye,propo{e=0.390}_VancomycinLacticAcid,propo{e=0.390}_VancomycinLacticAcid_relDiffDebye,propo{e=0.400}_VancomycinLacticAcid,propo{e=0.400}_VancomycinLacticAcid_relDiffDebye,propo{e=0.410}_VancomycinLacticAcid,propo{e=0.410}_VancomycinLacticAcid_relDiffDebye,propo{e=0.420}_VancomycinLacticAcid,propo{e=0.420}_VancomycinLacticAcid_relDiffDebye,propo{e=0.430}_VancomycinLacticAcid,propo{e=0.430}_VancomycinLacticAcid_relDiffDebye,propo{e=0.440}_VancomycinLacticAcid,propo{e=0.440}_VancomycinLacticAcid_relDiffDebye,propo{e=0.450}_VancomycinLacticAcid,propo{e=0.450}_VancomycinLacticAcid_relDiffDebye,strat{a=0.15}_VancomycinLacticAcid,strat{a=0.15}_VancomycinLacticAcid_relDiffDebye,strat{a=0.20}_VancomycinLacticAcid,strat{a=0.20}_VancomycinLacticAcid_relDiffDebye,strat{a=0.25}_VancomycinLacticAcid,strat{a=0.25}_VancomycinLacticAcid_relDiffDebye,strat{a=0.30}_VancomycinLacticAcid,strat{a=0.30}_VancomycinLacticAcid_relDiffDebye,strat{a=0.35}_VancomycinLacticAcid,strat{a=0.35}_VancomycinLacticAcid_relDiffDebye,strat{a=0.40}_VancomycinLacticAcid,strat{a=0.40}_VancomycinLacticAcid_relDiffDebye,strat{a=0.45}_VancomycinLacticAcid,strat{a=0.45}_VancomycinLacticAcid_relDiffDebye,strat{a=0.50}_VancomycinLacticAcid,strat{a=0.50}_VancomycinLacticAcid_relDiffDebye
0,186.902089,220.512243,17.982759946572894,214.646645,14.844433333219737,209.515048,12.09882624693404,204.384258,9.353650937523764,199.987128,7.001012706711922,194.858009,4.256731448303941,190.462416,1.9049155732015395,186.800024,0.05460880643232504,9.59543,94.86606594322228,15.26323,91.83356907262818,35.049569,81.24709617344085,36.406258,80.52121397102201,60.904119,67.41389070295517,91.670254,50.952793256366434,107.819724,42.312188923688275,157.156618,15.915001891712393
0.02,182.47257,215.338085,18.01120847917033,209.610926,14.872567422051445,204.600464,12.126696083690824,199.590808,9.381266455555496,195.297507,7.02841912074785,190.289522,4.2839052466899625,185.997759,1.9319007782923274,182.421891,0.027773489462006463,9.364478,94.86800783262932,14.89594,91.8366141278111,34.350492,81.17498317692352,35.410349,80.59415231560557,59.499657,67.39254727436568,89.571871,50.91214476784099,105.470846,42.19906805718799,153.946528,15.633057615180185
0.04,169.92571,200.675473,18.096003836029286,195.340625,14.95648598437516,190.673434,12.209879246642533,186.007051,9.463748010821895,182.007983,7.110326624499604,177.343269,4.365177582603588,173.345739,2.012661297692974,170.015065,0.052584744239105086,8.713253,94.8723162610296,13.856918,91.8453081643737,32.350899,80.96173969201011,32.616581,80.80538783683764,55.519664,67.32709605862468,83.619813,50.79037009761501,98.803148,41.85509185160975,144.78893,14.792805632532014
0.06,151.267821,178.852308,18.235528757963664,174.101357,15.094774188622715,169.945076,12.347143547470022,165.789603,9.600047058257024,162.228458,7.245848408168709,158.074654,4.499855260029172,154.515047,2.1466733496478487,151.54931,0.18608650414815817,7.753354,94.87441945765848,12.31569,91.85835432904135,29.319477,80.61750555658496,28.543692,81.13036083199745,49.595494,67.2134538118322,74.744312,50.588095005348166,88.841894,41.26847771542898,130.978633,13.412758818017215
0.08,129.20243,153.010921,18.42727803184507,148.951379,15.285276755243698,145.400081,12.536645789092363,141.849589,9.78863865021735,138.807001,7.433738668847035,135.25818,4.687024849300449,132.217129,2.333314474038923,129.683521,0.37235445184739996,6.632222,94.86679778391165,10.499404,91.87367915603446,25.631797,80.1615209559139,23.872838,81.52291872529022,42.578093,67.04543947044958,64.205003,50.306659867000945,76.970261,40.42661504121865,114.307475,11.528386114719357
0.1,106.436786,126.306984,18.66854378710759,122.961928,15.525780720210777,120.035806,12.776616535565061,117.11049,10.028209607907552,114.603767,7.673081184544605,111.680121,4.926243263301846,109.174936,2.5725598290801495,107.087882,0.6117208386957452,5.492555,94.83960836622782,8.63353,91.88858445988778,21.687911,79.62366977146417,19.253478,81.91087994708897,35.320509,66.81550587218972,53.273554,49.94817487254829,64.57907,39.32636222217382,96.651057,9.193935074289076
0.12,85.11132,101.246694,18.957964698467837,98.572147,15.815554264697099,96.23272,13.06688698988571,93.894101,10.319169060002828,91.890259,7.964791287457407,89.55331,5.2190354937509955,87.551006,2.866464766378896,85.883021,0.9066960775605325,4.440882,94.78226633073015,6.894055,91.89995525859545,17.837406,79.04226370828228,15.151865,82.19759134272621,28.499618,66.51489132115447,42.968798,49.5145910085756,52.781457,37.985385492787564,79.601046,6.474196381867898
0.14,66.516454,79.352843,19.298065708674127,77.264085,16.157853213281633,75.437223,13.411371868981481,73.611169,10.666105261714655,72.046669,8.314055647043359,70.222284,5.571298193376343,68.659322,3.221560788553171,67.357455,1.264350321500911,3.534823,94.68579157872726,5.384878,91.90444217005313,14.331407,78.45434304119699,11.789071,82.27645899464213,22.528221,66.13135601004826,33.920444,49.00443129454855,42.273245,36.44693537030702,64.24276,3.4182429508343786
0.16,51.119261,61.188722,19.697978419523704,59.585961,16.562641623477294,58.184346,13.820788606470652,56.783539,11.08051620699289,55.583536,8.733058562798865,54.184399,5.996053033708757,52.985934,3.651604040207073,51.987814,1.699071901684961,2.788908,94.54431080292808,4.141414,91.8985252936266,11.308576,77.87805265807735,9.170829,82.0599343171256,17.563455,65.64219697933427,26.37457,48.40580735312274,33.346074,34.768082817159666,51.110442,0.017251814340591847
0.18,38.799306,46.626911,20.17460054569017,45.413763,17.04787451610604,44.35306,14.314054998818786,43.293165,11.582317993007402,42.385372,9.24260346306193,41.327147,6.515170657949384,40.420892,4.179420116431981,39.666281,2.2345116172954134,2.191044,94.35287837364926,3.151113,91.87842947500144,8.809623,77.29437995617756,7.173744,81.51063836038716,13.578997,65.0019590556594,20.297672,47.6854766422884,25.999557,32.989633886750454,40.285594,3.83070769358607
0.2,29.142765,35.190135,20.7508450210541,34.282988,17.638075865484975,33.490036,14.917153537078596,32.697891,12.199000335074581,32.019599,9.87152042711115,31.229124,7.159097635382222,30.55237,4.836895195085296,29.98901,2.903791043849133,1.719391,94.10011026750551,2.378037,91.84004331778402,6.807384,76.64125555691096,5.638691,80.65148931475788,10.453739,64.12921354579773,15.510941,46.77601456141859,20.077723,31.105634623207518,31.564966,8.311500298616131
0.22,21.673078,26.322291,21.4515584726821,25.652411,18.360719229635958,25.067067,15.659930721423146,24.48253,12.962865726778633,23.982189,10.65428270040832,23.399322,7.964923117980756,22.900518,5.663431839261602,22.485449,3.7482954659232015,1.352705,93.75859303417816,1.781798,91.77874965429461,5.238863,75.82778505203554,4.434073,79.54110163770923,8.040226,62.90224212730651,11.797533,45.56595514490374,15.373904,29.064510357042966,24.624355,13.617249012807505
0.24,15.969194,19.530126,22.2987584720932,19.041976,19.241935441450572,18.615646,16.57223276265541,18.190124,13.90758982576078,17.82608,11.627925617285388,17.402227,8.973734053202685,17.03972,6.703694626040608,16.738233,4.815765905279886,1.073021,93.28068154222436,1.327328,91.68819666164742,4.030062,74.76352281774523,3.476984,78.22692867279338,6.199809,61.17644384556916,8.958424,43.90184000520001,11.685712,26.82340761844336,19.132343,19.807818728985314
0.26,11.690072,14.414543,23.305853034951358,14.063265,20.30092714570106,13.756698,17.678471099237022,13.450938,15.062918346439611,13.189548,12.826918431297937,12.885458,10.225651304799484,12.625605,8.002799298413214,12.409663,6.155573721017282,0.864058,92.60861695291526,0.987122,91.55589460869018,3.110519,73.39178920369352,2.723048,76.70631968733811,4.812155,58.83554010616873,6.824762,41.61916196923339,8.832277,24.446342161109026,14.804095,26.63818494873256
0.28,8.554772,10.647849,24.466777139121895,10.397352,21.538621952753388,10.178969,18.985859588075527,9.961392,16.442518865494023,9.775588,14.270584885254697,9.559681,11.746765431036616,9.375415,9.592809720703258,9.22246,7.804860258110913,0.709693,91.70412724032856,0.739616,91.35434585515546,2.419136,71.72179457266658,2.145194,74.92400732596964,3.774457,55.87892932739762,5.250501,38.62488678833287,6.655738,22.198534338495516,11.411187,33.38972680978523
0.3,6.319975,7.946466,25.735718891293075,7.768247,22.915786850422656,7.613106,20.461014481861078,7.458773,18.019026973999097,7.327177,15.936803547482379,7.174513,13.521224371931847,7.044455,11.463336484717104,6.936674,9.757934169043384,0.594714,90.58993113105669,0.566701,91.03317655528701,1.904827,69.86021305464025,1.717519,72.82395895553384,3.001096,52.514115957737175,4.10593,35.032496172848795,5.021408,20.547027480330225,8.771388,38.788333814611605
0.32,4.77137,6.059895,27.005346472815983,5.932153,24.328086063331902,5.821179,22.002255117502934,5.711013,19.69335851128712,5.617275,17.728765532750554,5.508778,15.454848397839621,5.416578,13.52248934792314,5.340345,11.924772130436331,0.507125,89.37150126693172,0.451903,90.52886277945329,1.52524,68.03349981242285,1.409962,70.4495354583694,2.425415,49.16732510788306,3.279363,31.269991637621903,3.818752,19.965292987129484,6.736291,41.18148456313385
0.34,3.724984,4.772342,28.11711406008724,4.679049,25.6125932352998,4.598219,23.44265102883664,4.518197,21.29440019071222,4.450295,19.471519877669262,4.371943,17.368101446878693,4.305579,15.58650990178749,4.250877,14.117993526952061,0.439742,88.1947949306628,0.379623,89.80873474892778,1.245518,66.56313154633685,1.190877,68.03001033024572,1.999811,46.31356805827891,2.682728,27.980147028819452,2.959391,20.552920495765886,5.183793,39.16282593428588
0.36,3.02926,3.9059720000000002,28.941457649723052,3.835859,26.626931989990965,3.775312,24.62819302403888,3.715573,22.65612723899567,3.665057,20.98852525039119,3.606987,19.071555429378805,3.558009,17.45472491631621,3.517795,16.127205984299803,0.389622,87.13804691574839,0.335486,88.9251500366426,1.037752,65.74239253150934,1.031843,65.9374566725867,1.691309,44.16758548292322,2.253633,25.604504070300987,2.370676,21.740755167928796,4.014701,32.53075008417897
0.38,2.564096,3.320347,29.49386450429312,3.265903,27.37054306859024,3.219067,25.543934392472035,3.173037,23.748759796825066,3.134273,22.2369599266174,3.089913,20.506915497703673,3.052687,19.055097781050318,3.022266,17.868675743809902,0.355667,86.12895149011581,0.307546,88.00567529452876,0.880971,65.6420430436302,0.911027,64.46985604283148,1.474215,42.505467813997605,1.95087,23.915875224640576,1.988431,22.450992474540737,3.150511,22.870243547823467
0.4,2.23888,2.909772,29.96551847352247,2.866314,28.024458657900382,2.829089,26.361796969913538,2.792672,24.735224755234764,2.762146,23.37177517330094,2.727399,21.819793825484176,2.698411,20.525039305366978,2.674856,19.47295076109484,0.336227,84.9823572500536,0.287706,87.14955692131781,0.761102,66.00523476023726,0.814381,63.62551811620095,1.324403,40.84528871578647,1.746232,22.004216393911243,1.753967,21.658731151289928,2.530774,13.0375008933038
0.42,1.991806,2.601487,30.609456945104096,2.566278,28.841764710016943,2.53627,27.33519228278256,2.50707,25.869186055268443,2.482731,24.647229700081226,2.455201,23.265066979414673,2.4324,22.120326979635564,2.414,21.196542233530785,0.328254,83.51978054087597,0.272396,86.32417012500213,0.670336,66.3453167627771,0.735377,63.07988830237483,1.218612,38.81874037933413,1.617822,18.776125787350768,1.616883,18.82326893281775,2.11007,5.937526044203096
0.44,1.789014,2.353949,31.578008892048913,2.325362,29.980089591249705,2.30115,28.62671840466311,2.277746,27.31851176122713,2.258374,26.235680659849493,2.236639,25.020765628441122,2.218805,24.02390366984272,2.204545,23.226816559289073,0.328235,81.6527427957523,0.261828,85.36467573758506,0.605598,66.1490631152132,0.673667,62.34422983833553,1.138129,36.382331272980544,1.547764,13.485081726582363,1.540174,13.909337769296393,1.854821,3.678394914740742
0.46,1.619805,2.151528,32.82635872836545,2.128357,31.395877898882883,2.108884,30.19369615478408,2.090218,29.041335222449625,2.074908,28.09615972292963,2.057913,27.046959356218814,2.044141,26.1967335574344,2.033265,25.52529471140046,0.333675,79.40029818404068,0.257975,84.07370022934859,0.56631,65.03838424995601,0.632525,60.95054651640166,1.07296,33.75992789255497,1.523097,5.970348282663656,1.502332,7.2522927142464635,1.739591,7.395087680307208
0.48,1.486416,1.99372,34.12934198770735,1.974771,32.85453062937967,1.958993,31.793051205046236,1.944021,30.78579617011658,1.931878,29.968864705439124,1.918577,29.074027728442108,1.907972,28.360566624686495,1.899735,27.806414893273484,0.34366,76.8799582351105,0.262257,82.35641973713955,0.552086,62.85790788043186,0.615282,58.60633900603869,1.022524,31.208759862649487,1.536413,3.363594040968347,1.493861,0.5008692048524872,1.742434,17.22384581436153
0.5,1.391606,1.881827,35.22699672177326,1.865873,34.08055153542023,1.852714,33.13495342790992,1.840362,32.247345872323066,1.830464,31.536081333365928,1.819782,30.76847900914484,1.811423,30.16780611753615,1.805057,29.71034904994661,0.357943,74.27842363427578,0.274164,80.29873398073879,0.561128,59.67766738573993,0.621917,55.309405104605744,0.991832,28.7275277628869,1.583751,13.807428251962122,1.510176,8.520371426969996,1.839909,32.214793555072355
