q_inverse_angstroms,debye,propo{e=0.380}_ArginaseI,propo{e=0.380}_ArginaseI_relDiffDebye,propo{e=0.390}_ArginaseI,propo{e=0.390}_ArginaseI_relDiffDebye,propo{e=0.400}_ArginaseI,propo{e=0.400}_ArginaseI_relDiffDebye,propo{e=0.410}_ArginaseI,propo{e=0.410}_ArginaseI_relDiffDebye,propo{e=0.420}_ArginaseI,propo{e=0.420}_ArginaseI_relDiffDebye,propo{e=0.430}_ArginaseI,propo{e=0.430}_ArginaseI_relDiffDebye,propo{e=0.440}_ArginaseI,propo{e=0.440}_ArginaseI_relDiffDebye,propo{e=0.450}_ArginaseI,propo{e=0.450}_ArginaseI_relDiffDebye,strat{s=0.15}_ArginaseI,strat{s=0.15}_ArginaseI_relDiffDebye,strat{s=0.20}_ArginaseI,strat{s=0.20}_ArginaseI_relDiffDebye,strat{s=0.25}_ArginaseI,strat{s=0.25}_ArginaseI_relDiffDebye,strat{s=0.30}_ArginaseI,strat{s=0.30}_ArginaseI_relDiffDebye,strat{s=0.35}_ArginaseI,strat{s=0.35}_ArginaseI_relDiffDebye,strat{s=0.40}_ArginaseI,strat{s=0.40}_ArginaseI_relDiffDebye,strat{s=0.45}_ArginaseI,strat{s=0.45}_ArginaseI_relDiffDebye,strat{s=0.50}_ArginaseI,strat{s=0.50}_ArginaseI_relDiffDebye
0,62.708341,11.549866,81.58161128836115,11.253857,82.05365216088238,10.982653000000001,82.48613689206033,10.723909,82.89875185822568,10.465304,83.31114516328857,10.231456,83.68405887184927,10.010037,84.03715225060729,9.788745,84.39004310447314,3.999908,93.62140994927613,3.999908,93.62140994927613,3.999908,93.62140994927613,3.999908,93.62140994927613,3.999908,93.62140994927613,3.999908,93.62140994927613,3.999908,93.62140994927613,3.999908,93.62140994927613
0.02,59.825609,11.028664,81.56531260718131,10.746267,82.03734624749076,10.48754,82.469814891479,10.240706,82.88240408885767,9.99401,83.29476261578883,9.770938,83.66763303654794,9.559728,84.02067582797194,9.348644,84.3735080072482,3.81267,93.6270268473155,3.827176,93.60277970592827,3.826238,93.60434759636128,3.822577,93.61046704931995,3.822105,93.61125600911141,3.820002,93.61477122614832,3.819141,93.61621040915772,3.824283,93.60761542770086
0.04,51.911232,9.596398,81.51383114929732,9.351405,81.98577718209424,9.126965,82.41813062729855,8.91286,82.83057508633198,8.698893,83.24275370694343,8.505432,83.61543027913497,8.322275,83.96825758248234,8.139244,84.32084216379222,3.29962,93.64372627488402,3.349236,93.5481477303409,3.346268,93.5538651827797,3.334082,93.5773398712633,3.331926,93.58149311501603,3.32544,93.59398752085097,3.322464,93.59972038421282,3.339965,93.56600706375067
0.06,40.868701,7.594342,81.41770642526663,7.401633,81.88923841743832,7.225121,82.32113861411939,7.056764,82.73308466545095,6.888546,83.14469060320758,6.736477,83.51678219476563,6.592534,83.86899059992145,6.448716,84.22089314754585,2.586764,93.67054998885332,2.672413,93.46097885518799,2.668029,93.47170589052978,2.648013,93.5206822453202,2.642524,93.5341130612397,2.633477,93.5562498059334,2.628229,93.56909092853233,2.65829,93.49553586251737
0.08,29.044317,5.444705,81.25380259415293,5.308135,81.7240150629123,5.183083,82.15457089247442,5.063847,82.56510215062039,4.94475,82.97515482977272,4.837124,83.34571269140191,4.735284,83.6963492720452,4.633571,84.046548589867,1.828593,93.70412807434927,1.93271,93.34565175004805,1.928746,93.35929985890182,1.906325,93.43649568347571,1.896014,93.47199660436154,1.889025,93.49605983160147,1.882427,93.5187768402335,1.918963,93.3929828682148
0.1,18.452931,3.512347,80.96591267804556,3.426241,81.43253773614609,3.347448,81.85953223365979,3.272368,82.26640526645875,3.197428,82.67251961219603,3.129753,83.03926351862476,3.065761,83.38604853613771,3.001895,83.73215073529511,1.156002,93.73540170935446,1.254056,93.20402812973181,1.252114,93.21455220311614,1.233707,93.31430329414879,1.21826,93.39801357301991,1.217296,93.403237675359,1.210824,93.43831069438238,1.245658,93.24953851504675
0.12,10.296301,2.017498,80.40560391542554,1.970431,80.86272924616325,1.927423,81.28043265246421,1.886502,81.67786664356451,1.84572,82.07395063528155,1.80895,82.43106917717344,1.774238,82.76819995841225,1.739651,83.10411671142869,0.644298,93.74243235507588,0.717988,93.02673843742525,0.718173,93.02494167565614,0.707536,93.1282506212668,0.688464,93.31348219132288,0.694237,93.257413511901035,0.689265,93.30570269847394,0.716371,93.0424431065098
0.14,4.887526,1.020466,79.12101132556634,0.999436,79.55129036653717,0.980296,79.94289953649351,0.962158,80.31400753673739,0.944159,80.68227156234053,0.928004,81.01280688839302,0.912819,81.32349577270791,0.89776,81.63160666562183,0.30943,93.66898508570594,0.353444,92.7684476768001,0.354194,92.75310248988957,0.35121,92.8141558735442,0.331553,93.21634299234417,0.341578,93.01122899397363,0.338901,93.06600108111958,0.356157,92.71293902068246
0.16,1.873617,0.460227,75.43644191955987,0.453828,75.7779738334996,0.4481,76.08369266504307,0.442764,76.3684893977798,0.437567,76.6458673250723,0.432994,76.88994068691734,0.428782,77.1147465036878,0.424697,77.33277398742646,0.124858,93.33599129384501,0.145062,92.25764924208096,0.144081,92.31000786179887,0.14603,92.20598446747655,0.129243,93.10195199979505,0.139878,92.53433332425998,0.139503,92.55434808714908,0.147954,92.10329539068017
0.18,0.565431,0.213363,62.265422306169995,0.213411,62.25693320670427,0.213592,62.22492222746896,0.213897,62.17098107461388,0.214342,62.092280048317114,0.214872,61.998546241716504,0.215496,61.888187948662164,0.216246,61.75554576951035,0.04494,92.05208062522217,0.051709,90.85494074431718,0.047263,91.64124358232922,0.050948,90.98952834209656,0.039599,92.9966697970221,0.048101,91.49303805415693,0.049329,91.27585859282566,0.051513,90.8896045671355
0.2,0.230269,0.147137,36.10212403753871,0.148915,35.32998362784396,0.150681,34.5630545145026,0.1525,33.77310884226709,0.154457,32.923233261967525,0.156357,32.09811133934659,0.158278,31.26386964810721,0.160325,30.374909345157185,0.023959,89.59521255575001,0.026039,88.69192118782814,0.0178,92.26991040913019,0.020937,90.9075906874134,0.01592,93.0863468378288,0.02119,90.797719189296,0.022983,90.0190646591595,0.02162,90.610981069966
0.22,0.284683,0.154892,45.591412202344365,0.156467,45.03816525749694,0.158048,44.482810705240574,0.15969,43.906028810993284,0.16147,43.280771946340316,0.16321,42.66956579774697,0.164979,42.048172880010405,0.166874,41.38252020668604,0.026865,90.5631878264596,0.028764,89.89613008152928,0.017847,93.73092176210031,0.019342,93.2057762493721,0.019872,93.01960426158217,0.022084,92.24259966348536,0.023565,91.72237190137803,0.02087,92.66903889589473
0.24,0.377672,0.17163,54.55580503717511,0.172768,54.25448537355165,0.173948,53.942044949056324,0.175207,53.60868690292106,0.176605,53.23852443390032,0.177998,52.869685864983374,0.179439,52.488137855070015,0.181006,52.07322756254105,0.032703,91.34089898112649,0.035311,90.65035268698766,0.023654,93.73689338897245,0.023315,93.82665381600967,0.02752,92.7132538287191,0.027485,92.72252112944565,0.028268,92.51519837319155,0.025637,93.21183460780783
0.26,0.377801,0.17217,54.42838954899537,0.173294,54.130878425414444,0.174461,53.82198564852925,0.175708,53.49191770270592,0.177093,53.12532259046429,0.178475,52.759521547057844,0.179906,52.38075071267677,0.181463,51.96862898721813,0.03311,91.23612695572535,0.035596,90.57810858097251,0.02513,93.34835005730531,0.023358,93.8173800492852,0.029059,92.30838457283068,0.027824,92.63527624331327,0.027958,92.59980783534189,0.025937,93.13474554064177
0.28,0.296502,0.157684,46.81857120693959,0.159186,46.311997895461076,0.1607,45.80137739374439,0.162277,45.269509143277276,0.163994,44.69042367336476,0.165676,44.123142508313606,0.16739,43.54506883596063,0.16923,42.92449966610681,0.028098,90.52350405730822,0.029473,90.05976350918374,0.021478,92.75620400536927,0.019033,93.58081901639785,0.024387,91.7750976384645,0.022976,92.2509797573035,0.022623,92.37003460347654,0.021173,92.85907009058961
0.3,0.19551,0.139096,28.854790036315276,0.141084,27.837962252570204,0.143043,26.835967469694637,0.145045,25.811978926909102,0.147186,24.71689427650759,0.149252,23.660170835251392,0.151331,22.596798117743337,0.153535,21.469490051659754,0.021144,89.18520791775357,0.020964,89.27727481970231,0.01581,91.91345711216819,0.013539,93.07503452508823,0.017403,91.09866502992175,0.016541,91.53956319369854,0.015715,91.96204797708558,0.01463,92.51700680272108
0.32,0.122116,0.125187,2.5148219725506817,0.127537,4.439221723607069,0.12983,6.316944544531427,0.13215,8.216777490255158,0.134609,10.230436634020116,0.136962,12.157293065609746,0.139313,14.0825117101772,0.14179,16.110910937141732,0.015399,87.3898588227587,0.013833,88.67224606112222,0.011106,90.90536866585869,0.009618,92.12388221035737,0.011633,90.47381178551541,0.011543,90.54751220151331,0.010156,91.68331750139212,0.009331,92.35890464803957
0.34,0.088665,0.11852,33.67168555799922,0.121045,36.51948344893702,0.123497,39.28494896520612,0.125969,42.07297129645295,0.12858,45.01776349179497,0.131072,47.828342638019514,0.133553,50.62651553600633,0.136161,53.56792420910169,0.012049,86.41064681666948,0.00966,89.10505836575875,0.008496,90.41786499746235,0.007977,91.00321434613433,0.008437,90.48440760164664,0.008889,89.97462358315006,0.006972,92.13669429876501,0.006388,92.79535329611458
0.36,0.083238,0.117127,40.713376102260966,0.119688,43.7900958696749,0.122174,46.776712559167684,0.124678,49.784953987361526,0.127321,52.96018645330255,0.129841,55.98764987145295,0.13235,59.00189817150818,0.134985,62.16751964247097,0.010596,87.2702371513011,0.008054,90.32413080564164,0.007523,90.96206059732333,0.007779,90.65450875801918,0.007343,91.17830798433407,0.007923,90.48151084841058,0.005757,93.08368773877316,0.005355,93.56664023643047
0.38,0.087979,0.117795,33.88990554564157,0.120339,36.78150467725253,0.122808,39.58785619295514,0.125297,42.416940406233294,0.127925,45.40401686766161,0.130432,48.25356050875776,0.132927,51.08946453130859,0.135549,54.06972118346424,0.009986,88.64956410052399,0.007802,91.1319746757749,0.007212,91.80258925425386,0.007855,91.07173302719967,0.007219,91.7946328101024,0.007588,91.37521453983337,0.005602,93.63257140908627,0.005256,94.02584707714341
0.4,0.090429,0.118212,30.723551073217664,0.120745,33.52464364307911,0.123204,36.243904057326745,0.125684,38.986387110329645,0.128302,41.88147607515289,0.1308,44.643864247088885,0.133288,47.3951940196176,0.135901,50.284753784737205,0.009501,89.49341472315298,0.007863,91.30478054606377,0.006916,92.35201096993221,0.007539,91.66307268685931,0.007176,92.06449258534319,0.007161,92.0810801844541,0.005732,93.66132545975296,0.005321,94.11582567539173
0.42,0.086178,0.117514,36.361948525145614,0.120065,39.32210076817749,0.122541,42.19522383903083,0.125037,45.091554689131804,0.127671,48.14801921604121,0.130183,51.06291628954024,0.132684,53.9650490844531,0.135311,57.01339088862585,0.008979,89.58086750678828,0.007737,91.02207059806447,0.00652,92.43426396528116,0.006789,92.12211933440089,0.006855,92.0455336628838,0.006426,92.5433405277449,0.005726,93.35561280141104,0.005196,93.97061895147253
0.44,0.076773,0.115912,50.98016229664076,0.118505,54.357651778620095,0.121019,57.63224050121789,0.123551,60.930274966459564,0.126222,64.40936266656247,0.128768,67.72563270941608,0.1313,71.02366717465777,0.133959,74.48712437966473,0.008556,88.85545699660038,0.007357,90.4172039649356,0.006183,91.94638740182096,0.005892,92.32542690789731,0.006291,91.80571294595755,0.00553,92.79694684329127,0.005491,92.84774595235305,0.004848,93.6852799812434
0.46,0.066141,0.114051,72.43615911461876,0.116692,76.42914379885396,0.119251,80.2981509200042,0.121826,84.19134878517106,0.124539,88.29319181748082,0.127123,92.19999697615701,0.129692,96.08412331231762,0.132387,100.15875175760873,0.008321,87.41930118988222,0.006832,89.67055230492433,0.006018,90.90125640676736,0.005122,92.25593807169533,0.005671,91.42589316762674,0.00476,92.80325365507022,0.005106,92.28012881571189,0.004396,93.35359308144722
0.48,0.057433,0.112462,95.8142531297338,0.115145,100.48578343461077,0.117741,105.00583288353387,0.120352,109.55199972141452,0.123102,114.34018769696866,0.125719,118.89680149043234,0.128319,123.42381557641076,0.131045,128.1702157296328,0.008191,85.73816446990405,0.006281,89.06377866383438,0.005979,89.58960876151342,0.004586,92.01504361603956,0.005153,91.02780631344349,0.004317,92.48341545801195,0.004667,91.87400971566869,0.003976,93.07715076698065
0.5,0.051625,0.111331,115.65326876513318,0.114043,120.90653753026636,0.116667,125.9893462469734,0.119304,131.09733656174333,0.12208,136.4745762711864,0.12472,141.58837772397095,0.127342,146.6673123486683,0.13009,151.9903147699758,0.008004,84.4958837772397,0.005788,88.78837772397094,0.005936,88.50169491525422,0.004244,91.77917675544795,0.0048,90.70217917675545,0.0042,91.86440677966101,0.004241,91.78498789346247,0.003671,92.88910411622275
