q_inverse_angstroms,debye,propo{e=0.380}_NeonMOF,propo{e=0.380}_NeonMOF_relDiffDebye,propo{e=0.390}_NeonMOF,propo{e=0.390}_NeonMOF_relDiffDebye,propo{e=0.400}_NeonMOF,propo{e=0.400}_NeonMOF_relDiffDebye,propo{e=0.410}_NeonMOF,propo{e=0.410}_NeonMOF_relDiffDebye,propo{e=0.420}_NeonMOF,propo{e=0.420}_NeonMOF_relDiffDebye,propo{e=0.430}_NeonMOF,propo{e=0.430}_NeonMOF_relDiffDebye,propo{e=0.440}_NeonMOF,propo{e=0.440}_NeonMOF_relDiffDebye,propo{e=0.450}_NeonMOF,propo{e=0.450}_NeonMOF_relDiffDebye,strat{s=0.15}_NeonMOF,strat{s=0.15}_NeonMOF_relDiffDebye,strat{s=0.20}_NeonMOF,strat{s=0.20}_NeonMOF_relDiffDebye,strat{s=0.25}_NeonMOF,strat{s=0.25}_NeonMOF_relDiffDebye,strat{s=0.30}_NeonMOF,strat{s=0.30}_NeonMOF_relDiffDebye,strat{s=0.35}_NeonMOF,strat{s=0.35}_NeonMOF_relDiffDebye,strat{s=0.40}_NeonMOF,strat{s=0.40}_NeonMOF_relDiffDebye,strat{s=0.45}_NeonMOF,strat{s=0.45}_NeonMOF_relDiffDebye,strat{s=0.50}_NeonMOF,strat{s=0.50}_NeonMOF_relDiffDebye
0,305.202254,134.292959,55.99870012755541,130.768324,57.153552345652074,127.538125,58.211932143856316,124.455442,59.22197809194423,121.520228,60.18370558953997,118.732428,61.0971326574803,116.091986,61.96227764425356,113.598838,62.77916151956073,145.93483,52.18422272857788,151.697089,50.29620947688021,143.676965,52.92401575776042,147.204475,51.76822154137825,150.355376,50.735823857971894,151.74637,50.28006247948613,156.634837,48.67834855505359,146.685792,51.93816884458526
0.02,266.270263,117.243144,55.96836737266452,114.169663,57.12263858769688,111.35302,58.18045216712765,108.665096,59.18992426127584,106.105842,60.151073272496824,103.675205,61.06391910537903,101.373127,61.92848354230228,99.199546,62.74478986787947,126.17002599999999,52.615802989611346,132.093543,50.39117717775341,125.710618,52.788337464480584,128.282292,51.8225240195147,131.60238,50.57563750556704,132.572744,50.21120927799587,136.60159,48.69814283392209,128.053433,51.90847391020904
0.04,179.8151,79.37054,55.85991387820044,77.299201,57.01184105228093,75.401188,58.06737698891806,73.590138,59.0745504687871,71.866002,60.03338874210231,70.228727,60.94392128358519,68.678255,61.806180348591425,67.214524,62.6202004169839,83.251248,53.70174807343766,88.726583,50.656767423870406,85.650895,52.36724001488196,86.516367,51.88592782252436,89.792979,50.063716006052886,89.926465,49.989480861173504,92.192612,48.72921573327268,86.575906,51.85281658770593
0.06,99.666043,44.241872,55.60988410064599,43.100067,56.75551501527958,42.054128,57.80495870594562,41.056421,58.80600878275061,40.106897,59.758714409881804,39.205504,60.663127761578735,38.352183,61.519308035536234,37.546873,62.32731643615068,45.18061,54.66800061481321,48.971182,50.8647273174074,48.152335,51.686318077261284,48.082427,51.75646032219821,50.680614,49.14956742087172,50.168605,49.663292040198684,51.170022,48.658519532073726,48.022258,51.81683093408254
0.08,50.640425,22.740012,55.095139900583376,22.167164,56.226346836544124,21.64277,57.26187132118263,21.142901,58.2489661174842,20.667508,59.18772798609017,20.21654,60.07825763705578,19.789938,60.92067157809201,19.387639,61.71509421573772,23.12024,54.344301020380456,25.161421,50.3135666811643,24.811447,51.00466277682306,24.540275,51.54014801416062,26.334374,47.997328221475236,25.536188,49.57351167570177,26.181755,48.29870602389297,24.480679,51.657832650496125
0.1,27.020406,12.375512,54.1993854570505,12.076918,55.30445397452578,11.803923,56.314782982905584,11.544025,57.27664121701207,11.297178,58.19019891855067,11.063327,59.05565963738665,10.842415,59.87323432519851,10.634379,60.64315613910465,12.784402,52.68612174073181,13.848511,48.747953676195685,13.289903,50.81530973294775,13.026431,51.79039500738812,14.224142,47.357778413840265,13.485776,50.09040204651255,14.137312,47.67912813745286,13.223001,51.06290778902434
0.12,16.439632,7.733955,52.95542503627818,7.558181,54.02463388474875,7.39777,55.0003917362627,7.24534,55.92760227236231,7.100842,56.80656355324742,6.964223,57.63759797056284,6.835426,58.421052247398244,6.714387,59.157315686871826,8.035183,51.12309691603802,8.591844,47.737005305228244,8.020197,51.21425467431388,7.826481,52.39260221883312,8.569432,47.87333439094013,8.10362,50.70680414257448,8.686314,47.16235740556723,8.172525,50.287664590058945
0.14,10.874854,5.294635,51.313047513097644,5.183408,52.33583825585152,5.082164,53.26683006502891,4.986212,54.14915915192976,4.895503,54.98327609731588,4.809984,55.7696682640521,4.729596,56.50887818815774,4.654278,57.201466796703656,5.417943,50.179165623740786,5.64603,48.08178574167524,5.270579,51.534255080573956,5.132701,52.802115780129085,5.594546,48.555208189461666,5.348759,50.81534887732745,5.793014,46.730190584627614,5.448731,49.896053776905866
0.16,6.950784,3.572445,48.603711466217334,3.506788,49.548309946043496,3.447318,50.40389688415004,3.39124,51.21068357181004,3.338506,51.969360578605226,3.289064,52.6806760215826,3.242854,53.34549311271937,3.199815,53.96468945085906,3.54295,49.02805208736166,3.568618,48.65877000349889,3.40353,51.033868985138945,3.295035,52.594772042981056,3.609029,48.07738234996224,3.441102,50.49332564499199,3.745332,46.11640931440252,3.481485,49.912340823711396
0.18,4.100368,2.318652,43.45258767017984,2.286172,44.24471169416988,2.257113,44.95340418225876,2.230065,45.61305229189184,2.204978,46.22487542581543,2.1818,46.79014176288567,2.160473,47.310265810288236,2.140934,47.78678401548348,2.222142,45.806278851068974,2.121488,48.26103413157063,2.072134,49.46468219437864,2.026471,50.57831394645553,2.207205,46.17056322749567,2.067391,49.58035473889172,2.239898,45.37324454780643,2.048763,50.034655426049554
0.2,2.372201,1.557928,34.3256326087039,1.545577,34.84628832042479,1.534971,35.29338365509499,1.525536,35.69111555049509,1.517223,36.04154959887463,1.509981,36.346835702370925,1.503751,36.6094610026722,1.49847,36.8320812612422,1.452906,38.75282912367038,1.298333,45.26884526226909,1.246194,47.46676188063322,1.275826,46.217626583919326,1.352633,42.979831810204956,1.240652,47.70038457955291,1.327083,44.056890626047284,1.20971,49.00474285273465
0.22,1.46119,1.157661,20.77272633949041,1.155902,20.8931076725135,1.155004,20.95456443036156,1.154836,20.966061908444487,1.15535,20.93088510050027,1.156493,20.852661187114613,1.158206,20.73542797309042,1.160428,20.583360137969738,1.04595,28.4179333283146,0.882314,39.61675073056892,0.786326,46.1859169580958,0.856012,41.41679042424325,0.89318,38.87311027313354,0.807661,44.72580567893293,0.863856,40.87996769756158,0.804467,44.94439463724772
0.24,0.913501,0.916928,0.3751501093047471,0.921538,0.8798019925539173,0.92648,1.4207975689134398,0.931886,2.0125867404633366,0.937708,2.6499149973563223,0.943894,3.327089953924517,0.950385,4.0376529418139695,0.957118,4.77470741685012,0.792607,13.234139864105247,0.607127,33.53844166563584,0.507041,44.49475151094526,0.571505,37.4379447860484,0.607696,33.47615383015454,0.542799,40.58036061263206,0.589365,35.48282924703968,0.57186,37.39908330696956
0.26,0.497531,0.732366,47.20007396524035,0.74186,49.10829676944752,0.751278,51.001244143581005,0.760957,52.94665056046759,0.770849,54.93486838006074,0.780901,56.955244999809054,0.791055,58.996122854656285,0.801248,61.04483941704134,0.578257,16.225320633287176,0.377808,24.06342519360603,0.310728,37.546002158659455,0.339653,31.732294068108324,0.383335,22.952539640746007,0.328028,34.06883189188212,0.363915,26.855814009579305,0.370938,25.44424367526848
0.28,0.218487,0.60722,177.92042547153838,0.620025,183.78118606599023,0.632479,189.48129637003578,0.645056,195.23770292969377,0.657707,201.0279787813463,0.670381,206.82878157510518,0.683018,212.61264972286682,0.695557,218.35166394339254,0.401571,83.7962899394472,0.23646,8.226118716445379,0.190614,12.757280753545968,0.18121,17.061426995656483,0.221681,1.4618718733837723,0.177728,18.655114491937734,0.194142,11.142539373051934,0.214181,1.9708266395712226
0.3,0.111514,0.559176,401.4401779148806,0.573253,414.06370500564947,0.586872,426.27652133364415,0.600561,438.55211004896245,0.614272,450.8474272288682,0.627952,463.1149452086733,0.641543,475.3026525817385,0.654982,487.35405419947267,0.330295,196.1915095862403,0.213449,91.41004716896532,0.152797,37.020463798267464,0.137341,23.160320677224373,0.152908,37.120002869594835,0.128279,15.03398676399376,0.118206,6.001040228132794,0.154929,38.932331366465206
0.32,0.12063,0.564263,367.76340877062086,0.578206,379.32189339302,0.591701,390.5089944458261,0.605273,401.7599270496559,0.618871,413.03241316422105,0.632445,424.2850037304153,0.645935,435.4679598773108,0.659278,446.5290557904336,0.351931,191.74417640719554,0.254584,111.04534527066232,0.162347,34.58260797479896,0.184873,53.256238083395516,0.16111,33.55715825250767,0.15015,24.471524496393933,0.119648,0.8140595208488741,0.163508,35.545055127248595
0.34,0.135896,0.572011,320.9182021545888,0.585749,331.0274033084123,0.599056,340.8194501677754,0.612448,350.6740448578325,0.625876,360.5551303938306,0.639287,370.4237063636899,0.652623,380.237093071172,0.665822,389.9496673927121,0.375905,176.61226231824338,0.276483,103.45190439748042,0.172344,26.820509801613007,0.21711,59.76187672926356,0.171763,26.392976982398313,0.174585,28.469564961441108,0.135183,0.5246659209984043,0.158695,16.776799905810336
0.36,0.143594,0.574336,299.97214368288365,0.588012,309.49621850495146,0.601263,318.7243199576584,0.614601,328.0130089000933,0.627978,337.32885775171667,0.64134,346.63426048442136,0.65463,355.8895218463167,0.667785,365.0507681379445,0.410695,186.01125395211497,0.278636,94.04431940053205,0.196677,36.967422037132465,0.207563,44.54851874033734,0.169999,18.388651336406824,0.19416,35.21456328258841,0.15802,10.04638076799866,0.150816,5.029458055350506
0.38,0.172896,0.585759,238.7926846196558,0.599133,246.52797057190452,0.612107,254.0319035720896,0.62518,261.59309642791044,0.638305,269.18436516749955,0.651428,276.77447714232835,0.664491,284.3298861743476,0.677432,291.81473255598746,0.455019,163.17497223764576,0.29428,70.20636683324078,0.234284,35.50573755321118,0.216761,25.37074310568204,0.187384,8.379603923746068,0.2191,26.72357949287433,0.190554,10.213076068850643,0.170965,1.1168563760873522
0.4,0.182032,0.59022,224.2396941197152,0.603475,231.5213808561132,0.616341,238.58936890217106,0.629311,245.7144897600422,0.642338,252.8709237936187,0.655367,260.02845653511474,0.668342,267.1563241627846,0.681199,274.21936802320477,0.416634,128.87953766370748,0.304366,67.20466731124199,0.234642,28.90151182209721,0.229739,26.20802935747561,0.198423,9.00446075415311,0.217726,19.608640239078845,0.189847,4.293201195394211,0.17256,5.203480706688938
0.42,0.205749,0.600949,192.07869783085215,0.61392,198.382981205255,0.626526,204.50986396045673,0.639248,210.6931260905278,0.652038,216.90943819897063,0.664843,223.13304074381892,0.677605,229.33574403763814,0.690261,235.48692824752493,0.3524,71.27665262042586,0.334472,62.563123028544496,0.241445,17.349294528770496,0.247451,20.268385265542005,0.22315,8.457392259500654,0.226334,10.004908893846395,0.206478,0.35431520930843285,0.178247,13.366772134980001
0.44,0.398535,0.681545,71.01258358738882,0.692384,73.73229452871142,0.703034,76.4045817807721,0.71389,79.12855834493836,0.724903,81.89192919066079,0.736019,84.68114469243605,0.747182,87.48215338677909,0.758327,90.27864553928765,0.448251,12.474688546802676,0.492179,23.497057974832828,0.379754,4.712509566286522,0.382089,4.126613722759598,0.378129,5.120252926342726,0.366732,7.979976664533848,0.372248,6.595907511259977,0.320077,19.686602180486023
0.46,0.812915,0.854516,5.117509210680083,0.860778,5.887823450176216,0.867233,6.6818794092863305,0.874084,7.524648948537044,0.881283,8.4102273915477,0.888776,9.331971977390003,0.896505,10.28274788877065,0.904409,11.255051266122528,0.757546,6.811167219204959,0.804105,1.0837541440372112,0.68242100000000006,16.052600825424552,0.685908,15.623650689186459,0.701376,13.720868725512513,0.679778,16.37772706863572,0.708946,12.78965205464287,0.640529,21.205907136662507
0.48,1.241263,1.033553,16.733762305007083,1.035077,16.610984134707955,1.03719,16.440754296228917,1.039896,16.2227505371545,1.043146,15.960920449574353,1.046889,15.659372751785886,1.051065,15.322941230021364,1.055613,14.956540233616897,1.107107,10.808023762893113,1.100761,11.319277220057305,0.994441,19.884746423602408,0.999456,19.480722457690273,1.029832,17.033537614510376,0.998475,19.559754862587543,1.039885,16.223636731297077,0.964348,22.309131908386863
0.5,1.36875,1.086262,20.638392694063917,1.086391,20.628968036529667,1.087226,20.56796347031963,1.088711,20.459470319634697,1.090799,20.306922374429213,1.093438,20.11411872146119,1.096568,19.885442922374423,1.100128,19.62535159817351,1.220448,10.834849315068489,1.160004,15.250849315068486,1.083941,20.807963470319628,1.080965,21.02538812785388,1.128403,17.559598173515973,1.081502,20.98615525114155,1.12418,17.868127853881276,1.048339,23.40902283105023
