q_inverse_angstroms,debye,propo{e=0.380}_HelixBundle,propo{e=0.380}_HelixBundle_relDiffDebye,propo{e=0.390}_HelixBundle,propo{e=0.390}_HelixBundle_relDiffDebye,propo{e=0.400}_HelixBundle,propo{e=0.400}_HelixBundle_relDiffDebye,propo{e=0.410}_HelixBundle,propo{e=0.410}_HelixBundle_relDiffDebye,propo{e=0.420}_HelixBundle,propo{e=0.420}_HelixBundle_relDiffDebye,propo{e=0.430}_HelixBundle,propo{e=0.430}_HelixBundle_relDiffDebye,propo{e=0.440}_HelixBundle,propo{e=0.440}_HelixBundle_relDiffDebye,propo{e=0.450}_HelixBundle,propo{e=0.450}_HelixBundle_relDiffDebye,strat{s=0.15}_HelixBundle,strat{s=0.15}_HelixBundle_relDiffDebye,strat{s=0.20}_HelixBundle,strat{s=0.20}_HelixBundle_relDiffDebye,strat{s=0.25}_HelixBundle,strat{s=0.25}_HelixBundle_relDiffDebye,strat{s=0.30}_HelixBundle,strat{s=0.30}_HelixBundle_relDiffDebye,strat{s=0.35}_HelixBundle,strat{s=0.35}_HelixBundle_relDiffDebye,strat{s=0.40}_HelixBundle,strat{s=0.40}_HelixBundle_relDiffDebye,strat{s=0.45}_HelixBundle,strat{s=0.45}_HelixBundle_relDiffDebye,strat{s=0.50}_HelixBundle,strat{s=0.50}_HelixBundle_relDiffDebye
0,-494.824582,29.757653,-106.0137782322221,28.99396,-105.859442124482,28.269527,-105.71304014156678,27.584349,-105.57457127301733,26.938414,-105.4440330937318,26.312144,-105.31746905007238,25.715319,-105.1968556000316,25.147931,-105.08219112687493,157.412063,-131.81169018801896,157.696303,-131.86913276673064,157.417184,-131.8127251002255,157.78379,-131.88681317372385,157.865109,-131.90324707837576,157.751289,-131.88024498750548,157.551384,-131.83984582237267,157.834957,-131.89715360584086
0.02,-172.834324,10.445667,-106.04374568560813,10.180099,-105.89009102150335,9.928248,-105.744372859641,9.690106,-105.6065865713109,9.465663,-105.47672637062533,9.248112,-105.35085380378494,9.040848,-105.23093317968484,8.843864,-105.11696044820356,55.091844,-131.87552259584734,55.583052,-132.1597300314028,55.741752,-132.25155207017792,55.631100000000004,-132.1875300649193,56.077201,-132.4456390965489,55.758435,-132.26120466673044,55.112653,-131.88756244969028,55.629898,-132.18683460121034
0.04,-23.747357,1.500091,-106.31687560009311,1.465262,-106.17021085757037,1.432317,-106.0314796295015,1.401248,-105.900648227927,1.372046,-105.77767875389247,1.343819,-105.65881499991767,1.317005,-105.54590138178325,1.291596,-105.43890421152973,7.59332,-131.9754320449219,7.674982,-132.3193103131435,7.823807,-132.9460116340526,7.620396,-132.08944894372877,7.786406,-132.7885162125621,7.604593,-132.022902590802,7.750655,-132.63796893271115,7.738851,-132.58826234852157
0.06,-1.588286,0.168965,-110.63819740273478,0.168471,-110.6070946920139,0.1681,-110.58373617849682,0.167845,-110.56768113551338,0.167695,-110.55823699258194,0.16764,-110.55477414017373,0.167677,-110.55710369543017,0.167799,-110.56478493168107,0.56301,-135.44764607885483,0.496324,-131.2490319753495,0.515555,-132.4598340601126,0.514115,-132.3691702879708,0.512129,-132.24412983555857,0.536059,-133.75078543788712,0.516909,-132.54508319030705,0.550492,-134.65950087074998
0.08,-1.188548,0.14505,-112.2039665204939,0.145173,-112.21431528217623,0.145387,-112.232320444778,0.145685,-112.25739305438233,0.146057,-112.2886917482508,0.146508,-112.32663720775267,0.147028,-112.37038807014945,0.147609,-112.41927124525051,0.42696,-135.92282347873203,0.440627,-137.0727139333035,0.367729,-130.9393478429142,0.409715,-134.471893436361,0.394222,-133.16837014575768,0.416798,-135.0678306639698,0.397128,-133.41287015753676,0.403316,-133.93350542005876
0.1,-0.99609,0.133675,-113.4199720908753,0.134091,-113.46173538535676,0.134584,-113.51122890501861,0.135145,-113.56754911704765,0.135765,-113.62979248863054,0.136458,-113.69936451525466,0.137207,-113.77455852382816,0.138005,-113.85467176660744,0.382224,-138.37243622564225,0.368243,-136.9688481964481,0.336012,-133.73309640695118,0.358857,-136.02656386471102,0.347689,-134.90538003594054,0.343628,-134.4976859520726,0.357052,-135.84535533937697,0.341874,-134.3215974460139
0.12,-0.813294,0.122801,-115.09921381443856,0.123498,-115.18491468030012,0.124257,-115.27823886565007,0.12507,-115.37820271636087,0.125927,-115.48357666477314,0.126849,-115.59694280297161,0.127818,-115.71608790916939,0.128825,-115.83990537247293,0.312958,-138.48030355566377,0.304865,-137.48521444889548,0.297909,-136.62992718500323,0.309993,-138.11573674464583,0.302243,-137.16282180859568,0.296127,-136.41081822809466,0.306446,-137.6796090958497,0.296464,-136.4522546582171
0.14,-1.02045,0.135709,-113.29893674359353,0.136073,-113.33460728110147,0.136516,-113.37801950120046,0.13703,-113.42838943603313,0.137606,-113.48483512176001,0.138255,-113.54843451418492,0.138963,-113.61781566955753,0.13972300000000001,-113.69229261600276,0.394394,-138.649027389877,0.385911,-137.8177274731736,0.403096,-139.5017884266745,0.395102,-138.71840854524964,0.38929,-138.14885589690823,0.393999,-138.61031897692192,0.390539,-138.27125287863197,0.393618,-138.5729825077172
0.16,-1.197943,0.147043,-112.27462408478534,0.147114,-112.28055091101996,0.14728,-112.29440799770943,0.147531,-112.31536058059524,0.14786,-112.3428243246966,0.148269,-112.37696618286512,0.148748,-112.41695139084247,0.149291,-112.46227909007358,0.495659,-141.37584175540908,0.480302,-140.09389428378478,0.491517,-141.03008239957995,0.487829,-140.7222213410822,0.486509,-140.61203245897343,0.486551,-140.61553846885872,0.486419,-140.6045195806478,0.489872,-140.89276367907323
0.18,-0.886115,0.128303,-114.47927187780367,0.128858,-114.54190483176563,0.129482,-114.61232458540935,0.130168,-114.6897411735497,0.130905,-114.77291322232442,0.131711,-114.86387207078089,0.132568,-114.9605863798717,0.13347,-115.06237903658104,0.397922,-144.90636091252264,0.397354,-144.84226088035976,0.389145,-143.9158574225693,0.389807,-143.99056555864644,0.389825,-143.99259689769386,0.38446,-143.38714500939494,0.388169,-143.8057137053317,0.383352,-143.26210480580966
0.2,-0.503569,0.10486,-120.82336283607609,0.106019,-121.05351997442257,0.107217,-121.29142183097052,0.108446,-121.53547974557608,0.109695,-121.78350931054136,0.110997,-122.04206374895992,0.112327,-122.3061784978821,0.113678,-122.57446347968204,0.245303,-148.71288740966978,0.250827,-149.80985723902782,0.244562,-148.5657377638417,0.244085,-148.47101390276208,0.241026,-147.86354998024103,0.240493,-147.75770549815417,0.237437,-147.1508373231871,0.237321,-147.12780175110066
0.22,-0.352365,0.095575,-127.12386303974571,0.096973,-127.52061073035064,0.098399,-127.9253047266329,0.099842,-128.33482326564783,0.101294,-128.7468959743448,0.102792,-129.17202332808307,0.10431,-129.60282661444808,0.105839,-130.03675166375777,0.191519,-154.3524470364537,0.183446,-152.0613568316944,0.186988,-153.06656449987938,0.184952,-152.4887545584834,0.179926,-151.06239268939876,0.177861,-150.4763526456941,0.179144,-150.84046372369562,0.18014,-151.12312516850426
0.24,-0.2963,0.092199,-131.11677354033077,0.093685,-131.6182922713466,0.095193,-132.1272359095511,0.096714,-132.64056699291257,0.09824,-133.15558555518058,0.09981,-133.68545393182586,0.101395,-134.2203847451907,0.10299,-134.75869051636855,0.184989,-162.4330070874114,0.172261,-158.13736078299021,0.169503,-157.20654741815724,0.163995,-155.3476206547418,0.159532,-153.84137698278772,0.161894,-154.63854201822477,0.16033,-154.11069861626729,0.161258,-154.42389470131624
0.26,-0.320853,0.093959,-129.2841269989684,0.095399,-129.73293065671817,0.096864,-130.18952604463726,0.098344,-130.6507964706579,0.099831,-131.11424858112593,0.101364,-131.59203747510543,0.102914,-132.07512474560002,0.104475,-132.56164037736906,0.205447,-164.03150352342038,0.204304,-163.67526562008146,0.192654,-160.04431936120278,0.190268,-159.30067663384787,0.189763,-159.14328368442867,0.193336,-160.25687776022042,0.185415,-157.78814597338965,0.184729,-157.57434089754497
0.28,-0.345673,0.095855,-127.72996444616733,0.097246,-128.1323678736841,0.098665,-128.54287144208544,0.100101,-128.95829295316673,0.101547,-129.37660737170677,0.10304,-129.80851845530316,0.104552,-130.24592606307118,0.106076,-130.68680515978974,0.231866,-167.0766880838249,0.239516,-169.28976228979408,0.22914,-166.28808151056057,0.2283,-166.04507728402277,0.232646,-167.30233486561,0.227072,-165.68982824808418,0.221856,-164.18088771758278,0.223361,-164.6162702901297
0.3,-0.249071,0.089779,-136.04554524613462,0.091327,-136.66705477554592,0.092894,-137.29619265189444,0.094471,-137.9293454476836,0.09605,-138.56330122736088,0.097671,-139.21411966868885,0.099305,-139.87015750528965,0.100946,-140.52900578549892,0.188549,-175.70090456135,0.191573,-176.91501620019994,0.186207,-174.76061042835175,0.183593,-173.7111104865681,0.187193,-175.156481485199,0.181862,-173.01612793139307,0.180345,-172.40706465224778,0.181689,-172.94666982506996
0.32,-0.147007,0.083102,-156.52928091859573,0.084823,-157.69997347065106,0.086553,-158.87678818015468,0.088285,-160.05496336909127,0.090009,-161.22769664029605,0.091772,-162.4269592604434,0.093541,-163.63030331888956,0.095309,-164.8329671376193,0.12229,-183.18651492786057,0.126077,-185.7625827341555,0.122981,-183.65656057194556,0.116084,-178.96494724741,0.121451,-182.61579380573713,0.115338,-178.4574884189188,0.11656,-179.2887413524526,0.116157,-179.01460474671276
0.34,-0.103689,0.080197,-177.34378767275217,0.081992,-179.0749259805765,0.083794,-180.81281524559017,0.085593,-182.547811243237,0.08738,-184.2712341714164,0.089204,-186.03034073045356,0.091032,-187.79330497931315,0.092856,-189.55241153835024,0.095017,-191.63652846492874,0.094741,-191.37034786717973,0.090132,-186.92532476926195,0.084925,-181.90357704288786,0.087005,-183.90957575056177,0.082875,-179.92651100888233,0.08158,-178.6775839288642,0.082268,-179.34110657832554
0.36,-0.06914,0.077932,-212.71622794330344,0.079786,-215.39774370841772,0.081643,-218.08359849580566,0.083494,-220.76077523864623,0.085331,-223.41770321087648,0.087203,-226.12525310963267,0.089076,-228.8342493491467,0.090944,-231.5360138848713,0.076453,-210.5770899623951,0.071154,-202.91293028637546,0.06616,-195.68990454150997,0.063659,-192.0726063060457,0.061828,-189.42435637836277,0.060821,-187.96789123517502,0.058283,-184.29707839166912,0.059425,-185.94879953717097
0.38,-0.045576,0.076373,-267.57284535720555,0.078267,-271.7285413375461,0.080162,-275.8864314551518,0.08205,-280.02896261190097,0.083921,-284.1341934351413,0.085826,-288.3140249253993,0.08773,-292.4916622783922,0.089628,-296.6561348077936,0.058583,-228.53914340881167,0.054484,-219.5453747586449,0.048048,-205.4239073196419,0.046371,-201.74433912585573,0.045597,-200.04607688256976,0.044886,-198.48604528699317,0.042455,-193.15209759522557,0.043902,-196.32701421800948
0.4,-0.035726,0.075699,-311.8877008341264,0.077611,-317.2395454290992,0.079522,-322.5885909421709,0.081426,-327.91804288193475,0.083311,-333.1943122655769,0.08523,-338.5657504338577,0.087149,-343.9371886021385,0.08906,-349.2862341152102,0.048605,-236.04937580473603,0.046187,-229.28119576778815,0.041252,-215.46772658567988,0.039292,-209.9815260594525,0.038717,-208.37205396629906,0.036938,-203.3924872641774,0.035693,-199.90763029726253,0.035582,-199.59693220623637
0.42,-0.032704,0.075458,-330.73018590998043,0.077376,-336.59491193737773,0.079293,-342.4565802348337,0.081202,-348.2937866927593,0.083093,-354.0759540117417,0.085017,-359.9590264187867,0.086941,-365.8420988258317,0.088856,-371.6976516634051,0.044876,-237.21868884540118,0.042674,-230.48556751467711,0.037615,-215.016511741683,0.036398,-211.2952544031311,0.03577,-209.37500000000006,0.033064,-201.10078277886498,0.03326,-201.7000978473581,0.032469,-199.28143346379647
0.44,-0.03601,0.07558,-309.8861427381283,0.077495,-315.20410996945293,0.079409,-320.51930019439044,0.081315,-325.81227436823104,0.083203,-331.05526242710357,0.085125,-336.39266870313804,0.087046,-341.7272979727853,0.088959,-347.03971119133575,0.042333,-217.55901138572617,0.039222,-208.9197445154124,0.034874,-196.8453207442377,0.033914,-194.1793946126076,0.032737,-190.91085809497363,0.030956,-185.96500971952236,0.029936,-183.13246320466538,0.029728,-182.55484587614552
0.46,-0.056166,0.076672,-236.50963216180608,0.078558,-239.86753551970943,0.080446,-243.2289997507389,0.082327,-246.578000925827,0.084191,-249.89673467934338,0.08609,-253.27778371256633,0.087989,-256.65883274578925,0.089881,-260.02741872307087,0.043316,-177.12139016486844,0.038967,-169.3782715521846,0.035043,-162.391838478795,0.033237,-159.17637004593527,0.033077,-158.89150019584804,0.031029,-155.24516611473132,0.029795,-153.04810739593347,0.029113,-151.83384965993662
0.48,-0.069368,0.077376,-211.54422788605694,0.079244,-214.2371122131242,0.081115,-216.93432130088803,0.082979,-219.62143928035985,0.084828,-222.28693345634872,0.086712,-225.0028831737977,0.088597,-227.72027447814557,0.090475,-230.42757467420137,0.04201,-160.56106562103565,0.03679,-153.03598200899552,0.034492,-149.72321531541922,0.031217,-145.0020182216584,0.031919,-146.0140122246569,0.03035,-143.7521623803483,0.02878,-141.48887094914082,0.028785,-141.4960788836351
0.5,-0.067163,0.077224,-214.97997409287848,0.079096,-217.767223024582,0.08097,-220.55744978634073,0.082838,-223.33874305793367,0.08469,-226.09621368908478,0.086577,-228.9057963462025,0.088465,-231.7168679183479,0.090347,-234.51900600032752,0.038669,-157.57485520301358,0.033532,-149.92629870613285,0.032255,-148.0249542158629,0.02961,-144.08677396780965,0.028454,-142.36558819588168,0.028335,-142.18840730759496,0.025417,-137.84375325700162,0.026348,-139.22993314771526
