q_inverse_angstroms,debye,propo{e=0.380}_MtCorB,propo{e=0.380}_MtCorB_relDiffDebye,propo{e=0.390}_MtCorB,propo{e=0.390}_MtCorB_relDiffDebye,propo{e=0.400}_MtCorB,propo{e=0.400}_MtCorB_relDiffDebye,propo{e=0.410}_MtCorB,propo{e=0.410}_MtCorB_relDiffDebye,propo{e=0.420}_MtCorB,propo{e=0.420}_MtCorB_relDiffDebye,propo{e=0.430}_MtCorB,propo{e=0.430}_MtCorB_relDiffDebye,propo{e=0.440}_MtCorB,propo{e=0.440}_MtCorB_relDiffDebye,propo{e=0.450}_MtCorB,propo{e=0.450}_MtCorB_relDiffDebye,strat{s=0.15}_MtCorB,strat{s=0.15}_MtCorB_relDiffDebye,strat{s=0.20}_MtCorB,strat{s=0.20}_MtCorB_relDiffDebye,strat{s=0.25}_MtCorB,strat{s=0.25}_MtCorB_relDiffDebye,strat{s=0.30}_MtCorB,strat{s=0.30}_MtCorB_relDiffDebye,strat{s=0.35}_MtCorB,strat{s=0.35}_MtCorB_relDiffDebye,strat{s=0.40}_MtCorB,strat{s=0.40}_MtCorB_relDiffDebye,strat{s=0.45}_MtCorB,strat{s=0.45}_MtCorB_relDiffDebye,strat{s=0.50}_MtCorB,strat{s=0.50}_MtCorB_relDiffDebye
0,58.691094,7.518571,87.18958791260562,7.330506,87.51001983367357,7.148236,87.82057802500665,6.977449,88.1115710673241,6.818135,88.38301599898615,6.658911,88.6543075854064,6.516828,88.89639371861088,6.374827,89.13834013726171,3.999908,93.18481267362301,3.999908,93.18481267362301,3.999908,93.18481267362301,3.999908,93.18481267362301,3.999908,93.18481267362301,3.999908,93.18481267362301,3.999908,93.18481267362301,3.999908,93.18481267362301
0.02,50.630395,6.493828,87.17405226643008,6.331896,87.49388386166058,6.174967,87.80383404079703,6.027938,88.0942307481504,5.890798,88.36509570980041,5.753747,88.6357848877142,5.631462,88.87730976619875,5.509259,89.11867268663418,3.440971,93.20374450959746,3.458898,93.16833692488476,3.4477,93.19045407407943,3.452218,93.18153058059295,3.452057,93.18184857139669,3.450807,93.18431744409658,3.45498,93.17607535947528,3.448052,93.18975883952714
0.04,33.273713,4.289402,87.10873655729374,4.183689,87.42644381166598,4.081274,87.73423933782202,3.985352,88.02252096121644,3.895912,88.29132174097913,3.806562,88.55985203695181,3.726866,88.79936843838257,3.647252,89.03863839902688,2.244322,93.25496977148298,2.288528,93.12211414458014,2.263186,93.19827636909652,2.272112,93.17145038787827,2.27118,93.1742513977926,2.271537,93.1731784787589,2.282067,93.14153187532752,2.263208,93.19821025083675
0.06,18.371556000000002,2.401222,86.92967541780348,2.343662,87.24298584180895,2.287941,87.5462862263817,2.235795,87.83012718138845,2.187211,88.09457946839125,2.138718,88.35853642445963,2.095502,88.59376962952948,2.052368,88.82855649243862,1.231377,93.29737230749535,1.276099,93.05394164762093,1.255302,93.16714381732282,1.259684,93.14329172771212,1.25616,93.16247355422698,1.264503,93.11706096097684,1.275405,93.05771922639542,1.253145,93.17888479342741
0.08,10.204892,1.370155,86.57354727516959,1.338889,86.87992974349949,1.308666,87.17609162350762,1.280424,87.45284124515968,1.254152,87.71028639989527,1.227969,87.966859423892,1.204673,88.19514209459541,1.181459,88.42262122911247,0.688837,93.24993346328408,0.719228,92.95212531401606,0.710242,93.0401811209761,0.708005,93.06210198010915,0.700217,93.13841831937074,0.715285,92.99076364551433,0.721309,92.93173313348147,0.705412,93.08751136219765
0.1,6.078567,0.848163,86.04666198464211,0.830209,86.34202765224106,0.812895,86.62686452250999,0.796755,86.89238763017664,0.781777,87.13879439019098,0.766889,87.38372053808077,0.753678,87.60105794671672,0.740549,87.81704635319475,0.414602,93.17928057714919,0.438766,92.78175267295728,0.433454,92.86914169079652,0.428827,92.94526160524347,0.419102,93.10524997092243,0.434198,92.85690196390036,0.434556,92.8510124178939,0.427057,92.97438031035934
0.12,3.417083,0.507805,85.13922547389105,0.498531,85.41062654901856,0.489634,85.6709948221919,0.481384,85.91242881721047,0.473772,86.13519191661426,0.466249,86.35535045534452,0.459613,86.54955118151943,0.45306,86.74132293538086,0.229927,93.27124919119612,0.252894,92.59912621379112,0.247803,92.74811293726256,0.242453,92.90467922494128,0.236084,93.0910662690956,0.247678,92.75177102809619,0.244121,92.85586566085753,0.24181,92.92349644418938
0.14,1.753373,0.293929,83.23636784643085,0.290109,83.45423363996139,0.286501,83.66000845228025,0.28321,83.84770382571193,0.280225,84.01794712248906,0.27733,84.18305745554426,0.274827,84.32581087994397,0.272405,84.46394463699396,0.113129,93.54792163447253,0.129911,92.59079499912454,0.127477,92.72961315133745,0.122247,93.02789537651145,0.121215,93.08675336052283,0.128884,92.64936781848472,0.124336,92.90875358523257,0.124032,92.92609159602664
0.16,0.958826,0.192218,79.95277558180524,0.190993,80.08053598880298,0.189899,80.19463385431767,0.188967,80.29183605784574,0.188183,80.37360271832429,0.187488,80.44608719413115,0.18695,80.50219747900037,0.186494,80.54975563866645,0.060767,93.66235375344432,0.068997,92.80401240683919,0.068336,92.87295087951307,0.065876,93.12951463560645,0.067081,93.00384011280462,0.071162,92.57821544263506,0.067518,92.95826354312462,0.067832,92.92551516124928
0.18,0.651278,0.153364,76.45183777127433,0.153129,76.48792067289239,0.152996,76.50834205976557,0.152964,76.51325547615612,0.153021,76.50450345321046,0.153168,76.4819324466664,0.15338,76.44938106307906,0.153674,76.40423904999093,0.044666,93.14179198437535,0.047014,92.78127005671925,0.045298,93.04475201066212,0.047005,92.7826519550791,0.047129,92.76361246656573,0.0489,92.49168557820163,0.045929,92.9478655812111,0.046172,92.91055432549541
0.2,0.518358,0.137034,73.56383040292617,0.137215,73.5289124504686,0.137487,73.47643906335003,0.137833,73.40968982826541,0.138243,73.33059391385875,0.138743,73.23413548165554,0.139271,73.13227537724892,0.139881,73.01459608996097,0.040385,92.2090524309454,0.040152,92.25400206035211,0.036151,93.02586243484234,0.041095,92.07208145721683,0.039924,92.29798710543679,0.040486,92.18956782764035,0.03796,92.67687582713106,0.037487,92.76812550399531
0.22,0.396078,0.121959,69.20833775165498,0.122525,69.06543660592106,0.12317,68.90258989390978,0.123866,68.72686693025112,0.124602,68.54104494569252,0.125428,68.33250016410908,0.126247,68.12572271118314,0.127148,67.89824226541236,0.034522,91.28404001232082,0.034343,91.32923313084797,0.028285,92.858729846141415,0.034524,91.28353506127581,0.033095,91.64432258292558,0.03298,91.67335726801286,0.031202,92.12225874701447,0.030398,92.32524906710294
0.24,0.264688,0.105218,60.24829232908178,0.106211,59.873133651695575,0.107269,59.47341775977755,0.108354,59.06350117874629,0.109452,58.648673154808684,0.11064,58.199842833826985,0.111783,57.76801366136735,0.113007,57.30558242156803,0.025435,90.3905730520462,0.02604,90.16200205524994,0.019856,92.49833766547785,0.025242,90.46348908904068,0.023711,91.04190594209031,0.023699,91.04643958169618,0.022213,91.60785528622377,0.022384,91.54325092184004
0.26,0.166864,0.092489,44.57222648384313,0.093806,43.78296097420654,0.095179,42.96013519992329,0.096559,42.133114392559214,0.097933,41.30968932783584,0.099396,40.4329274139419,0.100785,39.60051299261675,0.102255,38.719556045641966,0.017741,89.36798830185062,0.01806,89.17681465145269,0.014028,91.59315370601207,0.0174,89.57234634193115,0.015896,90.47367916386997,0.015903,90.46948413078914,0.014417,91.36002972480583,0.015945,90.44431393230417
0.28,0.105187,0.084356,19.80377803340717,0.085881,18.353979103881663,0.087456,16.85664578322416,0.089024,15.36596727732514,0.090573,13.893351840056281,0.092213,12.334223810927206,0.093758,10.865411124948908,0.095386,9.317691349691506,0.012587,88.03369237643435,0.012065,88.52995141985227,0.010344,90.16608516261515,0.012036,88.55752136670881,0.011389,89.1726163879567,0.010409,90.10429045414358,0.009492,90.97607118750416,0.011477,89.0889558595644
0.3,0.069539,0.079363,14.127324235321185,0.081015,16.50296955665166,0.082713,18.944764808237093,0.084397,21.366427472353635,0.086055,23.75070104545651,0.087802,26.262960353183107,0.089444,28.624225254892927,0.091168,31.10340959749205,0.008948,87.13240052344727,0.007861,88.69555213621133,0.007304,89.49654150908124,0.008103,88.34754598139173,0.008482,87.80252807776931,0.006703,90.36080472828198,0.006428,90.7562662678497,0.008056,88.41513395360877
0.32,0.058171,0.077393,33.0439566106823,0.079096,35.971532206769695,0.080843,38.97474686699558,0.082572,41.94701827371028,0.084272,44.86943666087913,0.086063,47.94829038524351,0.087743,50.83632737962215,0.089505,53.8653280844407,0.006792,88.32407900844063,0.005432,90.66201371817573,0.005449,90.63278953430402,0.005831,89.9761049320108,0.006336,89.10797476405769,0.004804,91.74158945178868,0.004696,91.92724897285589,0.005719,90.16864073163605
0.34,0.056299,0.076876,36.54949466242739,0.078592,39.59750617240092,0.080351,42.72189559317218,0.082093,45.816089095721054,0.083804,48.85521945327626,0.085606,52.055986784845196,0.087296,55.05781630224337,0.089068,58.20529671930228,0.005695,89.88436739551324,0.0044470000000000004,92.10110303913036,0.004826,91.42791168582036,0.004948,91.2112115668129,0.005025,91.07444181957051,0.003908,93.05849126982717,0.003947,92.98921828096414,0.004296,92.36931384216416
0.36,0.053356,0.076426,43.23787390359096,0.078153,46.474623285103824,0.079924,49.79383761901191,0.081675,53.07556788364944,0.083397,56.302946247844666,0.085208,59.69712872029388,0.086907,62.88140040482795,0.088688,66.21935677337132,0.005228,90.20166429267562,0.004182,92.16208111552591,0.004643,91.29807331883949,0.004465,91.63168153534748,0.004321,91.90156683409552,0.003377,93.67081490366594,0.003646,93.16665417197692,0.003443,93.5471174750731
0.38,0.051618,0.076153,47.531868727963115,0.077888,50.89309930644349,0.079665,54.33569684993608,0.081423,57.74148552830408,0.08315,61.08721763725833,0.084967,64.60730752838158,0.086671,67.90848153744818,0.088457,71.36851485915766,0.005249,89.83106668216513,0.004141,91.97760471153474,0.004547,91.19105738308342,0.004019,92.21395637180828,0.003874,92.49486613196947,0.003174,93.8509822155062,0.00346,93.29691192994693,0.003058,94.07571002363517
0.4,0.05058,0.075964,50.18584420719653,0.077703,53.62396204033214,0.079484,57.145116646896,0.081247,60.63068406484776,0.082978,64.05298536971135,0.0848,67.65519968366944,0.086507,71.03005140371688,0.088297,74.568999604586793,0.005115,89.88730723606169,0.004092,91.90984578884935,0.004376,91.34835903519178,0.003595,92.8924476077501,0.003543,92.99525504151839,0.003017,94.03519177540531,0.003225,93.62396204033216,0.002886,94.29418742586002
0.42,0.047875,0.075588,57.88616187989556,0.077337,61.53942558746736,0.079128,65.2804177545692,0.080899,68.97963446475195,0.082638,72.61201044386422,0.084468,76.43446475195822,0.086183,80.01671018276761,0.08798,83.77023498694517,0.004682,90.22036553524805,0.003897,91.86005221932115,0.003995,91.65535248041776,0.003214,93.28668407310705,0.003329,93.04647519582245,0.002829,94.09086161879895,0.002968,93.80052219321149,0.002714,94.33107049608354
0.44,0.043834,0.075085,71.29397271524388,0.076846,75.31140210795273,0.07865,79.42692886800201,0.080433,83.4945476114432,0.082183,87.4868823287859,0.084024,91.68681845143041,0.085748,95.61983848154402,0.087555,99.74220924396586,0.004484,89.7704977871059,0.003523,91.9628598804581,0.003488,92.04270657480495,0.002968,93.22900031938678,0.003127,92.86626819363964,0.002736,93.7582698362002,0.002741,93.74686316557923,0.00253,94.22822466578455
0.46,0.039366,0.074547,89.3689986282579,0.076323,93.88050602042372,0.078139,98.49362393944013,0.079935,103.05593659503127,0.081697,107.5318803027994,0.083549,112.23644769598131,0.085284,116.64380429812529,0.087101,121.25946248031296,0.00443,88.74663415129807,0.003178,91.92704364172128,0.003058,92.23187522227303,0.002844,92.77549154092364,0.002827,92.81867601483513,0.002606,93.38007417568461,0.002495,93.66204338769496,0.002344,94.04562312655591
0.48,0.035782,0.074105,107.10133586719579,0.075892,112.09546699457829,0.07772,117.20418087306466,0.079525,122.248616622883,0.081297,127.20082723156891,0.083158,132.40176625118772,0.084902,137.27572522497346,0.086727,142.37605499972054,0.004132,88.45229444972331,0.003095,91.35039964227823,0.002888,91.92890280029064,0.002794,92.1916047174557,0.002519,92.96014756022582,0.002394,93.30948521603041,0.002236,93.7510480129674,0.002182,93.90196188027501
0.5,0.033353,0.073799,121.26645279285222,0.075593,126.64527928522169,0.077429,132.15003148142594,0.079241,137.5828261325818,0.08102,142.916679159296,0.082888,148.51737474889813,0.084637,153.76128084430187,0.086469,159.25404011633137,0.003777,88.67568134800467,0.003116,90.65751206787995,0.002983,91.05627679668996,0.00276,91.72488231943154,0.002293,93.12505621683206,0.002202,93.39789524180733,0.001992,94.02752376098103,0.002057,93.83263874314156
