q_inverse_angstroms,debye,propo{e=0.380}_NanoBarrel,propo{e=0.380}_NanoBarrel_relDiffDebye,propo{e=0.390}_NanoBarrel,propo{e=0.390}_NanoBarrel_relDiffDebye,propo{e=0.400}_NanoBarrel,propo{e=0.400}_NanoBarrel_relDiffDebye,propo{e=0.410}_NanoBarrel,propo{e=0.410}_NanoBarrel_relDiffDebye,propo{e=0.420}_NanoBarrel,propo{e=0.420}_NanoBarrel_relDiffDebye,propo{e=0.430}_NanoBarrel,propo{e=0.430}_NanoBarrel_relDiffDebye,propo{e=0.440}_NanoBarrel,propo{e=0.440}_NanoBarrel_relDiffDebye,propo{e=0.450}_NanoBarrel,propo{e=0.450}_NanoBarrel_relDiffDebye,strat{s=0.15}_NanoBarrel,strat{s=0.15}_NanoBarrel_relDiffDebye,strat{s=0.20}_NanoBarrel,strat{s=0.20}_NanoBarrel_relDiffDebye,strat{s=0.25}_NanoBarrel,strat{s=0.25}_NanoBarrel_relDiffDebye,strat{s=0.30}_NanoBarrel,strat{s=0.30}_NanoBarrel_relDiffDebye,strat{s=0.35}_NanoBarrel,strat{s=0.35}_NanoBarrel_relDiffDebye,strat{s=0.40}_NanoBarrel,strat{s=0.40}_NanoBarrel_relDiffDebye,strat{s=0.45}_NanoBarrel,strat{s=0.45}_NanoBarrel_relDiffDebye,strat{s=0.50}_NanoBarrel,strat{s=0.50}_NanoBarrel_relDiffDebye
0,-3552.917843,-124.433237,-96.49771701743231,-121.225352,-96.58800576436522,-118.19949,-96.6731713137449,-115.309988,-96.75449889089934,-112.579695,-96.83134539061167,-109.940443,-96.90562946124392,-107.437588,-96.97607451825337,-105.048421,-97.04331972643365,157.76266,-104.44036892974673,157.919472,-104.44478254151402,157.781884,-104.44091000614786,-335.912606,-90.54544403097249,-1969.50178,-44.56663882953738,912.562014,-125.68486112894337,-514.436774,-85.5207241841083,-2698.573291,-24.046279417443877
0.02,-301.073232,-10.507374,-96.51002716840664,-10.234543,-96.60064664931754,-9.977139,-96.68614212770666,-9.731294,-96.76779834083689,-9.49895,-96.84497026291598,-9.274299,-96.9195869927088,-9.06122,-96.9903601393564,-8.857778,-97.05793240363528,13.499429,-104.48376925119666,13.375289,-104.44253675796725,13.406794,-104.45300098947354,-28.696128,-90.46872157668273,-166.969381,-44.54193755757071,78.425738,-126.04872491620243,-44.103744,-85.35115735562967,-227.615155,-24.398740635965947
0.04,-48.595114,-1.662717,-96.57842761722917,-1.61775,-96.6709616114904,-1.575281,-96.7583551712627,-1.534675,-96.84191501227882,-1.496256,-96.92097440084201,-1.459068,-96.9975006129217,-1.423754,-97.07017047022464,-1.389998,-97.13963424388716,2.163301,-104.45168417549138,2.164343,-104.45382842398519,2.200773,-104.52879480846573,-4.56537,-90.60529007093182,-27.146174,-44.13805881801204,12.549224,-125.82404477948133,-7.001386,-85.59240750006265,-37.370909,-23.09739411250276
0.06,-3.983572,-0.098318,-97.531913569028,-0.093654,-97.64899442008328,-0.089201,-97.76077851737084,-0.084897,-97.86882225299304,-0.080779,-97.97219681230814,-0.076748,-98.07338740206026,-0.072877,-98.17056149606434,-0.069134,-98.26452239346997,0.174069,-104.36967123978178,0.176664,-104.43481378019526,0.187089,-104.69651358127831,-0.397359,-90.02505791284806,-2.203906,-44.6751307620397,1.033514,-125.94440366585566,-0.589264,-85.20764780955383,-3.240281,-18.65890713158944
0.08,-1.862338,-0.024065,-98.7078070683195,-0.021314,-98.85552461475844,-0.018666,-98.99771147879707,-0.016085,-99.13630071447825,-0.013595,-99.27000361910675,-0.011138,-99.40193455752929,-0.008759,-99.52967721219241,-0.00644,-99.65419811011749,0.090918,-104.88192798514555,0.097306,-105.22493768585508,0.089388,-104.79977318832564,-0.196364,-89.45604933153918,-1.15223,-38.129920562218025,0.508778,-127.3193158277391,-0.298166,-83.98969467411393,-1.486456,-20.183339436772492
0.1,-1.570618,-0.014005,-99.10831277879153,-0.011513,-99.26697643857385,-0.00911,-99.41997353907826,-0.006762,-99.56946883328727,-0.004493,-99.71393426027207,-0.002249,-99.85680795712261,-7.2e-5,-99.99541581721336,0.002054,-100.13077654783022,0.087457,-105.56831769405417,0.083533,-105.31847973218187,0.078789,-105.01643302190602,-0.167007,-89.36679701875313,-0.966274,-38.47810225019706,0.431533,-127.47536320098203,-0.26159,-83.3447725672315,-1.343526,-14.458767185910263
0.12,-0.945626,0.007913,-100.83680017258408,0.00984,-101.04058052549317,0.011711,-101.23843887541165,0.01355,-101.43291322362118,0.015339,-101.62210006916052,0.017118,-101.81022941416585,0.018854,-101.9938115068748,0.020559,-102.17411534792824,0.054138,-105.7250963911737,0.053702,-105.67898936788964,0.050527,-105.34323294833263,-0.111697,-88.18803628495832,-0.652023,-31.048532929509125,0.294134,-131.10468620786654,-0.160867,-82.98830615909462,-0.815676,-13.742219439820818
0.14,-0.916691,0.008728,-100.95212018008249,0.010634,-101.16004193343231,0.012485,-101.36196384605063,0.014306,-101.56061311826996,0.016076,-101.75369890181096,0.017838,-101.94591198124559,0.019558,-102.13354336412159,0.021248,-102.31790210659864,0.052249,-105.69973960691226,0.053779,-105.86664426726126,0.052138,-105.68763083743595,-0.11535,-87.41669766584378,-0.636159,-30.602678547078565,0.299448,-132.66618740666155,-0.164126,-82.09582072912247,-0.857729,-6.43204744019523
0.16,-1.3139,-0.005868,-99.55339066900069,-0.003586,-99.72707207550042,-0.00138,-99.89496917573636,7.79e-4,-100.0592891392039,0.00287,-100.21843367075118,0.004941,-100.37605601643962,0.006954,-100.52926402313722,0.008924,-100.6791993302382,0.080241,-106.10708577517313,0.078175,-105.94984397594946,0.078809,-105.99809726767637,-0.171495,-86.94763680645407,-1.01008,-23.123525382449195,0.448299,-134.11971991780197,-0.255811,-80.5304056625314,-1.347933,-2.5902275667859027
0.18,-1.307577,-0.005943,-99.54549521749006,-0.003659,-99.72016944317619,-0.001451,-99.88903139165035,7.09e-4,-100.05422242820117,0.002802,-100.21428948352565,0.004875,-100.37282699221537,0.00689,-100.5269288156644,0.008861,-100.677665636517,0.086271,-106.59777588623844,0.082355,-106.29829065515834,0.085035,-106.50324990421214,-0.174899,-86.62419115662023,-1.029933,-21.233472292645097,0.478706,-136.61015756624658,-0.266282,-79.63546315054485,-1.414959,-8.212288836527417
0.2,-0.828394,0.011233,-101.35599726700097,0.013075,-101.57835522710208,0.014865,-101.79443598094626,0.016627,-102.0071367006521,0.018343,-102.21428450713066,0.020052,-102.42058730507463,0.021721,-102.62206148282098,0.023363,-102.82027634193392,0.059367,-107.16651738182557,0.057135,-106.8970803747975,0.05832,-107.04012824815246,-0.119489,-85.57582503011852,-0.709856,-14.309374524682692,0.320964,-138.7453313278464,-0.178913,-78.40242686451133,-0.951447,-14.854405029490808
0.22,-2.247035,-0.041608,-98.1483154467999,-0.038406,-98.29081433978554,-0.035331,-98.42766134038857,-0.032343,-98.56063657219403,-0.029468,-98.68858295487163,-0.026639,-98.81448219542642,-0.023908,-98.93602013319774,-0.021252,-99.05422033924705,0.168741,-107.50949584674916,0.166837,-107.42476196409936,0.163701,-107.2852002750291,-0.349746,-84.43522241531618,-2.052227,-8.669557884056104,0.954953,-142.49835894857,-0.53545,-76.17082065922428,-2.800966,-24.65164094017227
0.24,-0.855924,0.009519,-101.11213145092321,0.011405,-101.33247811721601,0.013237,-101.54651581215155,0.015039,-101.75704852299971,0.016792,-101.96185642650516,0.018538,-102.16584650039022,0.020242,-102.36492959655297,0.021916,-102.56050770862835,0.073355,-108.5702702576397,0.071245,-108.3237530434945,0.068613,-108.01624910622907,-0.14891,-82.6024273183133,-0.852184,-0.43695468289240236,0.39841,-146.5473570083325,-0.223897,-73.84148592632056,-1.171883,-36.91437557540155
0.26,-0.418479,0.02572,-106.14606706668674,0.027188,-106.49686125229701,0.028627,-106.84072558001716,0.030053,-107.18148341971761,0.031451,-107.51555036214482,0.032853,-107.85057314703965,0.034231,-108.17986087712885,0.035595,-108.50580315858143,0.041951,-110.02463683960246,0.040266,-109.62198820012475,0.039227,-109.37370811916489,-0.082099,-80.38157231306708,-0.471873,-12.759063178797502,0.218105,-152.11850534913341,-0.124056,-70.35550170976322,-0.630909,-50.762403848221794
0.28,-0.351695,0.028293,-108.04475468801091,0.029695,-108.44339555580831,0.031071,-108.83464365430274,0.032437,-109.22304837998833,0.033779000000000003,-109.60462901093277,0.035126,-109.9876313282816,0.036453,-110.3649469000128,0.037767,-110.73856608709252,0.034755,-109.88214219707417,0.032823,-109.33280257040903,0.03214,-109.1386002075662,-0.068856,-80.42167218754886,-0.393407,-11.860276660174307,0.177052,-150.34248425482306,-0.102012,-70.99418530260596,-0.527641,-50.02800722216695
0.3,-0.27232,0.031028,-111.39394829612222,0.03236,-111.88307873090481,0.033669,-112.36376321974149,0.034972,-112.84224441833138,0.036254,-113.31301410105759,0.037543,-113.78635428907167,0.038815,-114.25345182138659,0.040077,-114.71687720329025,0.032426,-111.90731492361927,0.031778,-111.66935957696826,0.030419,-111.17031433607521,-0.064179,-76.43250587544065,-0.377382,-38.58034665099882,0.172004,-163.16245593419504,-0.094483,-65.30442126909519,-0.504355,-85.20674206815511
0.32,-0.213819,0.033079,-115.47056154972195,0.034358,-116.06873102951563,0.035618,-116.65801448889015,0.036873,-117.24495952183858,0.03811,-117.82348621965306,0.039355,-118.40575439974931,0.040586,-118.98147498585251,0.041808,-119.55298640438876,0.033177,-115.5163947076733,0.031108,-114.54875385255754,0.030393,-114.21435887362676,-0.062883,-70.59054620964461,-0.362392,-69.48540588067476,0.165509,-177.40612387112463,-0.092582,-56.700760923959045,-0.486047,-127.31702982429066
0.34,-0.174063,0.034644,-119.90313851881216,0.035882,-120.61437525493643,0.037104,-121.31641991692663,0.038323,-122.0167410650167,0.039526,-122.70787013897268,0.040738,-123.40416975462907,0.041937,-124.09300081005155,0.04313,-124.77838483767371,0.0286,-116.43083251466422,0.027209,-115.63169656963284,0.026504,-115.22667080310003,-0.055859,-67.90874568403395,-0.322508,-85.28234030207456,0.144991,-183.29800129838048,-0.079911,-54.09076024198135,-0.421122,-141.93654021819685
0.36,-0.145668,0.035771,-124.55652579839087,0.036981,-125.38718181069282,0.038175,-126.20685394184035,0.039368,-127.02583958041573,0.040545,-127.83384133783673,0.041734,-128.65008100612351,0.042911,-129.45808276354452,0.044081,-130.26127907296043,0.025499,-117.50487409726227,0.024191,-116.60694181288957,0.024,-116.47582173160886,-0.049365,-66.11129417579701,-0.286857,-96.92519976933849,0.130234,-189.40467364143117,-0.072081,-50.516928906829214,-0.37452,-157.10519812175633
0.38,-0.103751,0.03763,-136.2695299322416,0.038791,-137.38855529103336,0.03994,-138.49601449624583,0.04109,-139.6044375475899,0.042227,-140.70033059922312,0.043377,-141.8087536505672,0.044516,-142.90657439446366,0.045651,-144.0005397538337,0.017087,-116.46923885070987,0.015284,-114.73142427542868,0.014372,-113.85239660340622,-0.03006,-71.02678528399726,-0.169102,-62.98830854642365,0.073878,-171.2070245106071,-0.042768,-58.77822864357933,-0.221175,-113.17866815741537
0.4,-0.099628,0.03795,-138.0917011281969,0.039103,-139.24900630344882,0.040245,-140.39527040591,0.041387,-141.54153450837114,0.042517,-142.67575380415144,0.043659,-143.8220179066126,0.044792,-144.95924840406312,0.045921,-146.09246396595336,0.014049,-114.1014574216084,0.012181,-112.22648251495563,0.011331,-111.37330870839523,-0.023363,-76.54976512626973,-0.126254,-26.72541855703217,0.059405,-159.62681173967158,-0.03235,-67.52920865620108,-0.166212,-66.83261733649177
0.42,-0.122334,0.037277,-130.47149606814133,0.038447,-131.4278941259176,0.039605,-132.37448297284485,0.040763,-133.32107181977207,0.041908,-134.25703402161295,0.043065,-135.2028054343028,0.044211,-136.1395850703811,0.045352,-137.0722775352723,0.01352,-111.05171088985892,0.011607,-109.48795919368288,0.011207,-109.16098549871663,-0.022042,-81.98211453888534,-0.122595,-0.21335033596546943,0.055653,-145.4926676148904,-0.030238,-75.28242352902708,-0.157307,-28.58812758513578
0.44,-0.135448,0.036917,-127.25547811706338,0.038097,-128.12666115409604,0.039263,-128.98750812119778,0.040429,-129.84835508829954,0.041582,-130.6996042761798,0.042747,-131.5597129525722,0.0439,-132.41096214045243,0.045049,-133.25925816549525,0.013225,-109.76389463114995,0.011368,-108.39288878388753,0.010816,-107.98535231232648,-0.022018,-83.74431516153801,-0.124766,-7.8864213572736475,0.056444,-141.6720807985352,-0.030195,-77.70731203118541,-0.15664,-15.64585671253912
0.46,-0.154624,0.036311,-123.48341783940397,0.037506,-124.25626034768213,0.038687,-125.02004863410596,0.039867,-125.78319019039736,0.041033,-126.53727752483444,0.042211,-127.29912562086092,0.043376,-128.05256622516558,0.044536,-128.80277317880794,0.013076,-108.45664321192052,0.011403,-107.37466370033113,0.010688,-106.91225165562915,-0.021798,-85.90257657284768,-0.122456,-20.80401490066226,0.054149,-135.01978994205297,-0.030432,-80.31870860927152,-0.154326,-0.19272557947021188
0.48,-0.146691,0.03659,-124.94358890456809,0.037778,-125.75345454049669,0.038952,-126.5537763052948,0.040126,-127.35409807009293,0.041286,-128.14487596376057,0.042458,-128.94383431839717,0.043617,-129.73393050698408,0.044772,-130.521299875248,0.012308,-108.39042613384599,0.010458,-107.12927173446222,0.009773,-106.66230375414989,-0.019467,-86.72924719307932,-0.108405,-26.099760721516652,0.048894,-133.3312882180911,-0.026717,-81.78688535765657,-0.13956,-4.861238930813751
0.5,-0.146375,0.036594,-125.00017079419298,0.037782,-125.81178479931683,0.038957,-126.61451750640478,0.04013,-127.41588385994875,0.04129,-128.20836891545687,0.042461,-129.00836891545688,0.043621,-129.800853970965,0.044776,-130.58992314261315,0.011734,-108.01639624252775,0.010468,-107.15149444918872,0.009329,-106.3733561058924,-0.018613,-87.28403074295474,-0.104572,-28.558838599487622,0.048204,-132.93185311699403,-0.025166,-82.8071733561059,-0.130675,-10.725875320239107
