q_inverse_angstroms,debye,propo{e=0.380}_RhccCarborane,propo{e=0.380}_RhccCarborane_relDiffDebye,propo{e=0.390}_RhccCarborane,propo{e=0.390}_RhccCarborane_relDiffDebye,propo{e=0.400}_RhccCarborane,propo{e=0.400}_RhccCarborane_relDiffDebye,propo{e=0.410}_RhccCarborane,propo{e=0.410}_RhccCarborane_relDiffDebye,propo{e=0.420}_RhccCarborane,propo{e=0.420}_RhccCarborane_relDiffDebye,propo{e=0.430}_RhccCarborane,propo{e=0.430}_RhccCarborane_relDiffDebye,propo{e=0.440}_RhccCarborane,propo{e=0.440}_RhccCarborane_relDiffDebye,propo{e=0.450}_RhccCarborane,propo{e=0.450}_RhccCarborane_relDiffDebye,strat{s=0.15}_RhccCarborane,strat{s=0.15}_RhccCarborane_relDiffDebye,strat{s=0.20}_RhccCarborane,strat{s=0.20}_RhccCarborane_relDiffDebye,strat{s=0.25}_RhccCarborane,strat{s=0.25}_RhccCarborane_relDiffDebye,strat{s=0.30}_RhccCarborane,strat{s=0.30}_RhccCarborane_relDiffDebye,strat{s=0.35}_RhccCarborane,strat{s=0.35}_RhccCarborane_relDiffDebye,strat{s=0.40}_RhccCarborane,strat{s=0.40}_RhccCarborane_relDiffDebye,strat{s=0.45}_RhccCarborane,strat{s=0.45}_RhccCarborane_relDiffDebye,strat{s=0.50}_RhccCarborane,strat{s=0.50}_RhccCarborane_relDiffDebye
0,58.403088,12.818956,78.05089347330401,12.502544,78.59266619600662,12.186297,79.13415639940136,11.903491,79.61838764416018,11.62084,80.10235349199344,11.354965,80.557594831287,11.105852,80.9841356333761,10.873479,81.38201356750176,3.999908,93.1512046075372,3.999908,93.1512046075372,3.999908,93.1512046075372,3.999908,93.1512046075372,3.999908,93.1512046075372,3.999908,93.1512046075372,3.999908,93.1512046075372,3.999908,93.1512046075372
0.02,54.572631,11.990852,78.02771869291037,11.695279,78.56933267520124,11.399872,79.11064247571278,11.135713,79.59469280489702,10.871707,80.07846277376657,10.623382,80.53349855901212,10.39072,80.95983314420006,10.173703,81.35749951289685,3.731054,93.16314069592869,3.735617,93.154779361838,3.744616,93.13828941104195,3.740442,93.14593793361364,3.740108,93.14654996201301,3.75377,93.12151543509053,3.741984,93.14311234142257,3.740217,93.14635022819405
0.04,44.861835,9.890441,77.95355227890256,9.647726,78.49458008126507,9.405177,79.03523785863864,9.188312,79.51864429977063,8.9716,80.00170969377423,8.767787,80.45602236288373,8.576856,80.8816202012245,8.398786,81.27855001918668,3.053638,93.19323875182548,3.067506,93.16232606178502,3.095712,93.0994530205909,3.082888,93.12803856552011,3.080247,93.13392552935028,3.124507,93.03526705940584,3.086877,93.1191468204544,3.08266,93.12854679261338
0.06,33.283905,7.383642,77.81617872061585,7.204012,78.35586900034717,7.024549,78.89505753606736,6.864127,79.3770382411559,6.70386,79.85855325569521,6.553171,80.3112915987472,6.412044,80.73530134159438,6.280458,81.13064557779504,2.25659,93.22017653878054,2.275512,93.16332623831248,2.317661,93.03669145792838,2.299462,93.09136953731841,2.291235,93.11608718988953,2.361085,92.90622599721998,2.303292,93.07986247406967,2.300496,93.08826293068677
0.08,23.356617,5.230968,77.60391412848873,5.105512,78.14104671066019,4.980221,78.67747285490874,4.868271,79.15678028200746,4.756474,79.63543264848671,4.651405,80.08527947347855,4.553046,80.50639782293814,4.461378,80.8988690442627,1.587565,93.20293259935717,1.602034,93.14098441567971,1.644366,92.95974241475123,1.628358,93.02827973760071,1.61361,93.09142244358418,1.688912,92.76902130132973,1.629282,93.02432368523232,1.631816,93.01347451131299
0.1,16.373585,3.714015,77.3170322809574,3.626734,77.85009208429308,3.539618,78.3821441669616,3.461824,78.85726308563457,3.384184,79.3314414650182,3.311263,79.77679903332104,3.243042,80.1934518311048,3.179502,80.58151589893112,1.128886,93.10544392080293,1.132286,93.08467876766144,1.165076,92.88441718780585,1.156553,92.93647054081315,1.138852,93.04457759250646,1.201128,92.6642332757304,1.154818,92.94706687631327,1.162349,92.9010720621049
0.12,11.746647,2.707508,76.95080136484904,2.645556,77.47820292888686,2.58377,78.00419132370284,2.528639,78.47352525363195,2.473662,78.94154817115044,2.42207,79.38075435483844,2.373846,79.79128852684515,2.328971,80.17331243545499,0.828712,92.94511872196381,0.821998,93.00227545783916,0.844711,92.80891815341008,0.843582,92.81852940673198,0.827952,92.95158865334082,0.871448,92.58130426495322,0.841272,92.83819459289107,0.850619,92.75862295002139
0.14,8.426939,1.984982,76.44480397923849,1.941213,76.96419779471526,1.897609,77.4816336038507,1.858747,77.94279749740683,1.820039,78.40213391837773,1.783759,78.83265797936832,1.74989,79.23457141436529,1.718412,79.60811155747064,0.609481,92.76746870957533,0.598607,92.89650726082151,0.615401,92.69721781538944,0.618247,92.66344517267775,0.606382,92.80424362867703,0.636335,92.44880021084761,0.616244,92.687214182991,0.625535,92.57696062591648
0.16,5.84518,1.422493,75.66382900098884,1.392879,76.17046865964778,1.363431,76.67426837154714,1.337235,77.12243249994013,1.311192,77.56797908704266,1.286832,77.98473271995047,1.264138,78.37298423658467,1.243091,78.7330586910925,0.434944,92.55892889526072,0.424717,92.73389356700734,0.438255,92.50228393308674,0.441948,92.43910367174321,0.431647,92.61533434385254,0.455528,92.20677549707622,0.439609,92.47911954807209,0.449175,92.31546333902463
0.18,3.884908,0.994106,74.41108000498339,0.975273,74.89585338957833,0.956606,75.37635382871358,0.940055,75.80238708355513,0.923658,76.22445628056057,0.908377,76.61779892857179,0.894193,76.98290409965949,0.88109,77.32018364398849,0.302052,92.22498962652396,0.292982,92.45845718869019,0.303173,92.19613437435326,0.306334,92.11476822617163,0.295387,92.39655096079495,0.316765,91.84626765936285,0.30373,92.18179684049147,0.313541,91.92925546756835
0.2,2.492155,0.687971,72.39453404784211,0.676842,72.84109535723098,0.665878,73.28103589062478,0.65622,73.668571978869693,0.646716,74.04992867618587,0.637923,74.40275584785056,0.629822,74.72781588625107,0.622395,75.02583105785956,0.208228,91.64466094604869,0.198644,92.02922771657461,0.205031,91.77294349669263,0.207316,91.68125578063965,0.196388,92.11975178108904,0.215001,91.37288812292975,0.206016,91.73341947029779,0.214398,91.3970840497481
0.22,1.528376,0.474193,68.97406135662952,0.468444,69.35021225143551,0.46286,69.71556737347355,0.458016,70.03250509037044,0.453326,70.3393667526839,0.449062,70.61835569257826,0.445209,70.87045334394155,0.441746,71.09703371421692,0.141796,90.72244002784655,0.131569,91.39158165268232,0.134788,91.18096594031836,0.136131,91.09309489287976,0.127298,91.67102859505776,0.14212,90.70124105586584,0.137194,91.02354394468377,0.142685,90.66427371275132
0.24,0.864355,0.324908,62.410352227961894,0.322915,62.6409287850478,0.321089,62.852184576938875,0.319606,63.02375759959739,0.318277,63.17751386872293,0.317177,63.3047763939585,0.316289,63.40751195978503,0.315594,63.48791873709298,0.092474,89.30138658305906,0.083785,90.30664483921537,0.084833,90.18539836062727,0.085544,90.10314049204321,0.079267,90.82934673831933,0.09033,89.54943281406366,0.087867,89.8343851773866,0.090958,89.47677748147463
0.26,0.438228,0.226909,48.2212455616711,0.227383,48.11308268755077,0.228022,47.96726818003414,0.228746,47.80205737652546,0.229623,47.60193324023111,0.230601,47.37876174046387,0.23166,47.137106711574795,0.232782,46.88107560447986,0.056989,86.99558220834817,0.051975,88.13973548016102,0.051341,88.28440902908987,0.052128,88.10482214737534,0.046965,89.28297598510365,0.055005,87.44831457597414,0.053654,87.75660158638883,0.055795,87.26804311910695
0.28,0.20569,0.17092,16.904078953765385,0.172802,15.989109825465505,0.174851,14.99295055666294,0.176835,14.028392240750653,0.178973,12.988963974913714,0.181137,11.936895327920666,0.183309,10.880937332879581,0.185469,9.830813359910552,0.034026,83.45763041470174,0.032749,84.07846759686907,0.030715,85.06733433808158,0.031992,84.44649715591424,0.026876,86.93373523263162,0.032419,84.23890320385046,0.032002,84.4416354708542,0.033656,83.63751276192329
0.3,0.10192,0.143263,40.56416797488227,0.145842,43.09458398744113,0.148587,45.78787284144427,0.151194,48.34576138147567,0.153955,51.05474882260598,0.156705,53.752943485086355,0.159426,56.42268445839876,0.162099,59.04532967032967,0.020171,80.20898744113029,0.021129,79.26903453689168,0.018329,82.01628728414443,0.019621,80.74862637362638,0.015121,85.16385400313972,0.018406,81.94073783359498,0.019023,81.33536106750392,0.01958,80.78885400313972
0.32,0.066976,0.131313,96.05978260869568,0.134193,100.35983038700434,0.137238,104.90623506927857,0.140114,109.20031055900621,0.143144,113.72431915910177,0.146148,118.20950788342095,0.149106,122.62601528905877,0.152001,126.94845914954614,0.011992,82.09507883420926,0.013883,79.27167940754897,0.011136,83.3731485905399,0.011549,82.75650979455327,0.008551,87.23274008600094,0.010107,84.9095198279981,0.01119,83.29252269469661,0.010329,84.57805781175347
0.34,0.070951,0.128861,81.61970937689391,0.131802,85.76482361066088,0.134909,90.14390212963876,0.13784,94.27492212935687,0.140925,98.62299333342729,0.143981,102.93019125875604,0.146988,107.16832743724542,0.149928,111.3120322476075,0.008173,88.4807825118744,0.010568,85.10521345717467,0.008355,88.22426745218532,0.007657,89.20804498879508,0.005709,91.95360178151117,0.00661,90.68371129370973,0.007202,89.84933263801778,0.00545,92.31864244337642
0.36,0.099971,0.132865,32.90354202718789,0.135706,35.745366156185284,0.138712,38.752238149063224,0.141553,41.59406227806065,0.144548,44.58993108001321,0.147519,47.56179291994679,0.150446,50.48964199617888,0.153312,53.356473377279414,0.007827,92.17072951155835,0.010531,89.46594512408599,0.00888,91.11742405297537,0.007839,92.15872603054886,0.005528,94.47039641496033,0.006892,93.10600074021467,0.006432,93.56613417891188,0.004473,95.52570245371157
0.38,0.137653,0.13938,1.2546039679483967,0.142056,3.1986226235534208,0.144898,5.263234364670586,0.147593,7.221055843316168,0.150441,9.290026370656648,0.153273,11.347373468068254,0.156072,13.380747241251548,0.158817,15.374891938424891,0.008839,93.57878142866483,0.011371,91.73937364241971,0.010161,92.61839553079119,0.009649,92.99034528851533,0.006354,95.38404538949388,0.008582,93.76548277189744,0.007074,94.86099104269431,0.005244,96.19042084080986
0.4,0.169735,0.144916,14.622205202227006,0.147454,13.126933160514916,0.150156,11.535039915161862,0.152726,10.020914955666184,0.15545,8.416060329336903,0.158165,6.816508086134267,0.160853,5.232862992311546,0.163496,3.6757298141220107,0.009316,94.51144431024834,0.011174,93.41679677143784,0.010351,93.90167025068489,0.010304,93.92936047367955,0.006948,95.906560226235,0.009509,94.39773764986597,0.007177,95.7716440333461,0.005734,96.6217927946505
0.42,0.192445,0.148688,22.73740549247838,0.15113,21.468471511340912,0.153738,20.113279118709237,0.156223,18.82200109122087,0.158862,17.45070020005716,0.161497,16.081477824833073,0.16411,14.723687287276885,0.166683,13.386681909116893,0.009414,95.10821273610641,0.010371,94.61092779755256,0.009879,94.8665852581257,0.009388,95.12172308971394,0.007408,96.1505884798254,0.009374,95.12899789550261,0.006522,96.61097976045104,0.00582,96.97575930785419
0.44,0.20623,0.151147,26.70949910294331,0.153527,25.555447800998888,0.156073,24.32090384522136,0.158503,23.142607768025986,0.161086,21.890122678562765,0.163669,20.637637589099544,0.166233,19.394365514231684,0.168761,18.16854967754449,0.010359,94.97696746351161,0.01026,95.02497211850847,0.009908,95.19565533627502,0.008298,95.97633709935509,0.008237,96.00591572516123,0.009031,95.62090869417639,0.006152,97.01692285312515,0.006285,96.95243175095766
0.46,0.208133,0.151815,27.058659607078166,0.154179,25.922847410069522,0.156708,24.707758981036175,0.159123,23.54744322140171,0.161691,22.313616773889777,0.16426,21.079309864365584,0.166811,19.853651271062265,0.169326,18.645289310200692,0.012255,94.1119380396189,0.010809,94.80668610936276,0.010313,95.04499526744918,0.007908,96.20050640696094,0.009113,95.62154968217438,0.008839,95.75319627353664,0.006429,96.91110972310975,0.007056,96.60986004141581
0.48,0.196208,0.150007,23.546950175324145,0.152416,22.319171491478432,0.15499,21.007298377232328,0.157446,19.75556552230286,0.160055,18.42585419554758,0.162662,17.097162195221394,0.165249,15.778663459186163,0.167797,14.480041588518302,0.013851,92.94065481529805,0.01095,94.4191878007013,0.010113,94.84577591127781,0.007867,95.99047949115224,0.009245,95.28816358150533,0.008464,95.6862105520672,0.006562,96.65558998613716,0.007327,96.26569762700808
0.5,0.175527,0.146431,16.57636716858374,0.14893,15.15265457735846,0.151595,13.63436964113782,0.154131,12.189577671811175,0.156821,10.657049912549068,0.159503,9.129079856660221,0.162162,7.614213197969537,0.164776,6.1249836207534925,0.014178,91.92261019672188,0.010309,94.12682949061967,0.009139,94.79339360896044,0.00768,95.6246047616606,0.008505,95.15459160129211,0.007783,95.56592433072973,0.005905,96.63584519760494,0.006816,96.11683672597378
