q_inverse_angstroms,debye,propo{e=0.380}_TetToxHcGT1b,propo{e=0.380}_TetToxHcGT1b_relDiffDebye,propo{e=0.390}_TetToxHcGT1b,propo{e=0.390}_TetToxHcGT1b_relDiffDebye,propo{e=0.400}_TetToxHcGT1b,propo{e=0.400}_TetToxHcGT1b_relDiffDebye,propo{e=0.410}_TetToxHcGT1b,propo{e=0.410}_TetToxHcGT1b_relDiffDebye,propo{e=0.420}_TetToxHcGT1b,propo{e=0.420}_TetToxHcGT1b_relDiffDebye,propo{e=0.430}_TetToxHcGT1b,propo{e=0.430}_TetToxHcGT1b_relDiffDebye,propo{e=0.440}_TetToxHcGT1b,propo{e=0.440}_TetToxHcGT1b_relDiffDebye,propo{e=0.450}_TetToxHcGT1b,propo{e=0.450}_TetToxHcGT1b_relDiffDebye,strat{s=0.15}_TetToxHcGT1b,strat{s=0.15}_TetToxHcGT1b_relDiffDebye,strat{s=0.20}_TetToxHcGT1b,strat{s=0.20}_TetToxHcGT1b_relDiffDebye,strat{s=0.25}_TetToxHcGT1b,strat{s=0.25}_TetToxHcGT1b_relDiffDebye,strat{s=0.30}_TetToxHcGT1b,strat{s=0.30}_TetToxHcGT1b_relDiffDebye,strat{s=0.35}_TetToxHcGT1b,strat{s=0.35}_TetToxHcGT1b_relDiffDebye,strat{s=0.40}_TetToxHcGT1b,strat{s=0.40}_TetToxHcGT1b_relDiffDebye,strat{s=0.45}_TetToxHcGT1b,strat{s=0.45}_TetToxHcGT1b_relDiffDebye,strat{s=0.50}_TetToxHcGT1b,strat{s=0.50}_TetToxHcGT1b_relDiffDebye
0,175.138217,NA,NA,NA,NA,NA,NA,NA,NA,NA,NA,NA,NA,NA,NA,NA,NA,144.19351700000001,17.668730748811942,144.19351700000001,17.668730748811942,144.19351700000001,17.668730748811942,143.944371,17.810987535633075,144.19351700000001,17.668730748811942,144.19351700000001,17.668730748811942,144.027444,17.763554712904263,144.19351700000001,17.668730748811942
0.02,161.059383,NA,NA,NA,NA,NA,NA,NA,NA,NA,NA,NA,NA,NA,NA,NA,NA,133.254635,17.26366231019275,133.263765,17.25799359358032,132.8305,17.527003068178896,132.673633,17.62440006367093,132.909824,17.47775166877425,132.997924,17.423051347464796,132.755015,17.573870874694716,132.924567,17.468597902178725
0.04,125.470537,NA,NA,NA,NA,NA,NA,NA,NA,NA,NA,NA,NA,NA,NA,NA,NA,105.308836,16.068872806370464,105.42063,15.979773004398629,104.04414,17.076835337048088,104.079566,17.048600820127195,104.279768,16.889039854830614,104.572687,16.655583453827084,104.140774,16.999818052902732,104.296359,16.87581683020931
0.06,83.50779,NA,NA,NA,NA,NA,NA,NA,NA,NA,NA,NA,NA,NA,NA,NA,NA,71.637711,14.21433736900474,72.046794,13.724463310548627,69.914031,16.278432227699962,70.1043,16.050586418344928,70.257618,15.866989175500882,70.736892,15.293061880813758,70.100481,16.055159644387665,70.195472,15.941408579966017
0.08,48.75987,NA,NA,NA,NA,NA,NA,NA,NA,NA,NA,NA,NA,NA,NA,NA,NA,42.824708,12.17222687427181,43.661595,10.455883085824471,41.327393,15.243020541277078,41.618786,14.645412303191128,41.733295,14.410569593397197,42.268301,13.31334353434494,41.507289,14.87407780209422,41.519086,14.849883726105089
0.1,26.52572,NA,NA,NA,NA,NA,NA,NA,NA,NA,NA,NA,NA,NA,NA,NA,NA,23.619832,10.95498256032259,24.802831,6.495163938999577,22.656715,14.585862325320488,23.075673,13.00642169185229,23.166458,12.664168965064853,23.616512,10.967498714455251,22.863889,13.80483168788632,22.820886,13.96694981323786
0.12,14.549347,NA,NA,NA,NA,NA,NA,NA,NA,NA,NA,NA,NA,NA,NA,NA,NA,12.933824,11.1037491923177,14.215937,2.2915805087334773,12.331205,15.24564641973278,12.906322,11.29277485786819,12.971566,10.844342361207001,13.282206,8.709263721595196,12.667852,12.931817489815861,12.606557,13.35310787487575
0.14,8.171848,NA,NA,NA,NA,NA,NA,NA,NA,NA,NA,NA,NA,NA,NA,NA,NA,7.302783,10.634864965672401,8.43482,3.218023634311352,6.811689,16.644448110145955,7.444824,8.896690197859785,7.462428,8.68126768877738,7.677103,6.0542609211527285,7.276249,10.959565082463607,7.195231,11.950993214753883
0.16,4.31685,NA,NA,NA,NA,NA,NA,NA,NA,NA,NA,NA,NA,NA,NA,NA,NA,4.038402,6.450258869314432,4.86897,12.789881510823875,3.630624,15.896452274227727,4.123984,4.467748474003024,4.080325,5.479110925790784,4.269979,1.0857685580921146,4.077877,5.535818942052647,3.955632,8.367629174050514
0.18,1.979464,NA,NA,NA,NA,NA,NA,NA,NA,NA,NA,NA,NA,NA,NA,NA,NA,2.036602,2.8865389822699434,2.512995,26.953306551672583,1.80497,8.81521462375673,2.029489,2.5271992822299363,1.946011,1.6900029502936127,2.135995,7.907746743562903,2.087782,5.472087393354965,1.929426,2.527856025671586
0.2,0.872902,NA,NA,NA,NA,NA,NA,NA,NA,NA,NA,NA,NA,NA,NA,NA,NA,0.985149,12.859060925510551,1.136689,30.219543545552664,0.929794,6.517570128147267,0.92727,6.228419685142214,0.848742,2.7677792008724875,1.012011,15.936382320122997,1.032989,18.33963033650971,0.873953,0.12040297765385166
0.22,0.549387,NA,NA,NA,NA,NA,NA,NA,NA,NA,NA,NA,NA,NA,NA,NA,NA,0.598568,8.951977385704437,0.527966,3.899072966779322,0.609457,10.934004626975169,0.519861,5.374353597737104,0.478476,12.907294857723237,0.582659,6.056204460607929,0.623506,13.491218394319496,0.493902,10.099438101010755
0.24,0.505098,NA,NA,NA,NA,NA,NA,NA,NA,NA,NA,NA,NA,NA,NA,NA,NA,0.524858,3.9121121049776475,0.364323,27.870829027238287,0.507188,0.4137810880264671,0.433871,14.101619883666148,0.433657,14.143987899377947,0.477043,5.55436766726458,0.510314,1.032670887629727,0.418783,17.08876297273005
0.26,0.482895,NA,NA,NA,NA,NA,NA,NA,NA,NA,NA,NA,NA,NA,NA,NA,NA,0.535827,10.961389121858796,0.376321,22.069808136344342,0.469281,2.819246420029202,0.433696,10.188343221611323,0.466863,3.3199763923834467,0.469753,2.7215026040857833,0.473063,2.03605338634693,0.424622,12.067426666252501
0.28,0.449552,NA,NA,NA,NA,NA,NA,NA,NA,NA,NA,NA,NA,NA,NA,NA,NA,0.5626,25.1468128269922,0.426519,5.123545218350719,0.457126,1.6847884115741827,0.446972,0.5739046873331732,0.510014,13.449389614549586,0.488526,8.669519877567001,0.446575,0.6622148272057532,0.453405,0.8570754884863143
0.3,0.414082,NA,NA,NA,NA,NA,NA,NA,NA,NA,NA,NA,NA,NA,NA,NA,NA,0.587315,41.835433561468506,0.465093,12.319057577967643,0.443356,7.0696142309977175,0.457213,10.416052859095535,0.544208,31.42517665583146,0.503641,21.628324824551658,0.421875,1.8819943875850662,0.48712,17.638535362561036
0.32,0.360183,NA,NA,NA,NA,NA,NA,NA,NA,NA,NA,NA,NA,NA,NA,NA,NA,0.582131,61.62089826560388,0.473191,31.375162070391998,0.402936,11.869799518578068,0.444526,23.41670761807193,0.536177,48.86238384376832,0.482489,33.95662760319061,0.385184,6.941193782049695,0.488442,35.609398555734174
0.34,0.284393,NA,NA,NA,NA,NA,NA,NA,NA,NA,NA,NA,NA,NA,NA,NA,NA,0.532556,87.26058658265148,0.445697,56.718695607838455,0.341705,20.152394749519143,0.398804,40.22989314082976,0.471357,65.74142120235027,0.416194,46.34467093071911,0.327918,15.304525779467138,0.435889,53.26994686929707
0.36,0.212417,NA,NA,NA,NA,NA,NA,NA,NA,NA,NA,NA,NA,NA,NA,NA,NA,0.457485,115.37118027276536,0.394354,85.65086598530249,0.289425,36.25321890432498,0.334705,57.569780196500275,0.378846,78.3501320515778,0.331521,56.070841787615876,0.265089,24.79650875400746,0.351717,65.578555388693
0.38,0.168878,NA,NA,NA,NA,NA,NA,NA,NA,NA,NA,NA,NA,NA,NA,NA,NA,0.387584,129.50532336953302,0.342769,102.96841506886626,0.269339,59.48732220893189,0.277659,64.41395563661341,0.301485,78.52236525776004,0.263077,55.77931998247255,0.22254,31.775601321664155,0.276214,63.558308364618256
0.4,0.154444,NA,NA,NA,NA,NA,NA,NA,NA,NA,NA,NA,NA,NA,NA,NA,NA,0.339929,120.09854704617855,0.308766,99.92100696692651,0.280333,81.51109787366295,0.242203,56.82253761881329,0.256943,66.3664499753956,0.225127,45.76610292403719,0.209887,35.89844862862914,0.229934,48.87855792390769
0.42,0.153911,NA,NA,NA,NA,NA,NA,NA,NA,NA,NA,NA,NA,NA,NA,NA,NA,0.317435,106.24581738797099,0.292532,90.06568731279768,0.301433,95.8488996887812,0.22541,46.454769314733845,0.235356,52.91694550746862,0.210916,37.03763863531522,0.213347,38.617122882704955,0.206995,34.49006243868211
0.44,0.154043,NA,NA,NA,NA,NA,NA,NA,NA,NA,NA,NA,NA,NA,NA,NA,NA,0.318219,106.57803340625667,0.284783,84.87240575683413,0.310792,101.75665236330114,0.216393,40.475711327356635,0.222519,44.45252299682554,0.208285,35.21224593133085,0.214664,39.35329745590515,0.19357,25.65971839031957
0.46,0.150789,NA,NA,NA,NA,NA,NA,NA,NA,NA,NA,NA,NA,NA,NA,NA,NA,0.336388,123.08523831313956,0.281968,86.99507258487024,0.303037,100.96757721053922,0.20824,38.10025930273429,0.213432,41.543481288422896,0.209555,38.972338831081835,0.209516,38.94647487548826,0.182711,21.169979242517694
0.48,0.145682,NA,NA,NA,NA,NA,NA,NA,NA,NA,NA,NA,NA,NA,NA,NA,NA,0.359533,146.79301492291427,0.286575,96.71270301066708,0.288268,97.8748232451504,0.200589,37.68962534836149,0.206782,41.9406652846611,0.210539,44.5195700223775,0.203809,39.89991900166114,0.174111,19.514421822874468
0.5,0.140295,NA,NA,NA,NA,NA,NA,NA,NA,NA,NA,NA,NA,NA,NA,NA,NA,0.37411,166.65953882889625,0.295583,110.68676716917922,0.27616,96.84236786770734,0.194762,38.82319398410491,0.198485,41.47688798602943,0.2082,48.40158237998502,0.19927,42.0364232510068,0.168572,20.155386863394988
