q_inverse_angstroms,debye,propo{e=0.380}_C60BuckyBallHe,propo{e=0.380}_C60BuckyBallHe_relDiffDebye,propo{e=0.390}_C60BuckyBallHe,propo{e=0.390}_C60BuckyBallHe_relDiffDebye,propo{e=0.400}_C60BuckyBallHe,propo{e=0.400}_C60BuckyBallHe_relDiffDebye,propo{e=0.410}_C60BuckyBallHe,propo{e=0.410}_C60BuckyBallHe_relDiffDebye,propo{e=0.420}_C60BuckyBallHe,propo{e=0.420}_C60BuckyBallHe_relDiffDebye,propo{e=0.430}_C60BuckyBallHe,propo{e=0.430}_C60BuckyBallHe_relDiffDebye,propo{e=0.440}_C60BuckyBallHe,propo{e=0.440}_C60BuckyBallHe_relDiffDebye,propo{e=0.450}_C60BuckyBallHe,propo{e=0.450}_C60BuckyBallHe_relDiffDebye,strat{s=0.15}_C60BuckyBallHe,strat{s=0.15}_C60BuckyBallHe_relDiffDebye,strat{s=0.20}_C60BuckyBallHe,strat{s=0.20}_C60BuckyBallHe_relDiffDebye,strat{s=0.25}_C60BuckyBallHe,strat{s=0.25}_C60BuckyBallHe_relDiffDebye,strat{s=0.30}_C60BuckyBallHe,strat{s=0.30}_C60BuckyBallHe_relDiffDebye,strat{s=0.35}_C60BuckyBallHe,strat{s=0.35}_C60BuckyBallHe_relDiffDebye,strat{s=0.40}_C60BuckyBallHe,strat{s=0.40}_C60BuckyBallHe_relDiffDebye,strat{s=0.45}_C60BuckyBallHe,strat{s=0.45}_C60BuckyBallHe_relDiffDebye,strat{s=0.50}_C60BuckyBallHe,strat{s=0.50}_C60BuckyBallHe_relDiffDebye
0,74.170762,7.100677,90.4265821079201,6.922409,90.666930184700007,6.751074,90.89793091245308,6.590094,91.11497061335302,6.436036,91.32267779586786,6.288896,91.5210578529583,6.14867,91.71011617758491,6.015352,91.88986085918867,36.377177,50.95482907402244,41.750502,43.71029651818866,29.182779,60.654605382104606,32.464574,56.22995756737675,40.964419,44.77012518760425,40.379701,45.55846547727257,39.521837,46.71507217358775,31.068959,58.111581757782126
0.02,64.892891,6.219249,90.41613202284363,6.063482,90.6561691017896,5.913783,90.88685538759553,5.77314,91.1035863697304,5.638554,91.31098350973453,5.510021,91.50905297161133,5.387535,91.69780400136588,5.271093,91.87724122200073,32.100207,50.53355382178921,36.291628,44.07457051035066,25.613499,60.52957634450282,28.341141,56.3262777119916,35.879159,44.71018558874192,35.512353,45.275433945453294,34.636971,46.62439834896553,27.134816,58.18522555883664
0.04,42.998364,4.139531,90.37281744021703,4.036854,90.61161024638054,3.938203,90.84103990561128,3.845546,91.05652949958748,3.756903,91.26268385466945,3.672272,91.45950762219698,3.591647,91.64701475618932,3.515022,91.82521921066578,21.912465,49.03884017540761,23.577838,45.165732352049496,17.103403,60.223130814930535,18.636516,56.657616089765654,23.827321,44.585517253633185,23.933015,44.33970790144481,23.125953,46.21666768531008,17.889383,58.395200803453825
0.06,20.783338,2.030028,90.23242560939921,1.981202,90.46735418535752,1.934331,90.69287618764609,1.890346,90.90451206634853,1.848306,91.10678948684759,1.808205,91.29973731842304,1.770039,91.48337480726147,1.733802,91.65773082264263,11.335985,45.456379528639715,11.052792,46.818975854600446,8.312609,60.00349414516572,8.862057,57.35979947013325,11.531669,44.514836837085554,11.964883,42.430407473525186,11.455986,44.878989120996835,8.582117,58.706743834893125
0.08,6.736308,0.696741,89.65693076979258,0.681951,89.87648723900392,0.667806,90.08646873034904,0.654585,90.28273350921603,0.641998,90.46958660441298,0.630042,90.64707255072065,0.618712,90.81526557277368,0.608002,90.97425474013362,4.323134,35.823391685772094,3.567609,47.039105100301235,2.660469,60.50553211046763,2.793903,58.52471413124222,3.77439,43.96945626595459,4.132157,38.65843129500611,4.02326,40.27499930228844,2.762898,58.98498109053209
0.1,1.293377,0.180381,86.0534863384767,0.178773,86.17781203778944,0.177303,86.29146799425071,0.175995,86.39259860040809,0.174816,86.48375531650863,0.17376,86.56540204441552,0.172823,86.63784805203743,0.171999,86.70155724123747,1.318028,1.9059408045759265,1.012969,21.680298938360583,0.514053,60.254975927359155,0.563754,56.41224484431066,0.884339,31.625581713607094,0.906453,29.915794080148327,1.015635,21.474171877186617,0.551905,57.328373706970204
0.12,0.390208,0.094676,75.73704280793834,0.095255,75.58866040675743,0.095889,75.42618295883221,0.096559,75.25447966212892,0.097273,75.07150032803018,0.098026,74.87852632442184,0.098814,74.67658274561259,0.099631,74.46720723306544,0.646416,65.65934065934066,0.7994,104.8650975889782,0.287122,26.4182179760538,0.288853,25.974608413974074,0.525535,34.68073437756273,0.312444,19.928858454977856,0.373797,4.205705674922095,0.223395,42.749764228309
0.14,0.518265,0.106693,79.41342749365671,0.106965,79.36094469045759,0.107304,79.29553413794102,0.107697,79.21970420537757,0.108145,79.13326194128486,0.108645,79.03678620010999,0.109191,78.93143469074701,0.109778,78.81817217060771,0.65492,26.367784820506877,0.921897,77.8813927237996,0.450392,13.096195961525467,0.387542,25.223196627208083,0.6254,20.671857061541875,0.434861,16.092925433899644,0.365942,29.390948645962972,0.311014,39.98938766847076
0.16,0.4423,0.099435,77.51865249830432,0.099893,77.41510287135428,0.10041,77.29821388198056,0.10097,77.17160298439974,0.101579,77.03391363328058,0.102232,76.8862762830658,0.102924,76.72982138819805,0.10365,76.56567940312004,0.612169,38.405833144924244,0.792788,79.24214334162333,0.432357,2.2480217047253075,0.352269,20.355188785891933,0.511399,15.62265430703143,0.451217,2.0160524530861297,0.349642,20.949129550079135,0.292935,33.77006556635768
0.18,0.227933,0.079179,65.26216037168817,0.080154,64.83440309213672,0.081168,64.3895355214032,0.082196,63.93852579486078,0.083252,63.47523175670043,0.084333,63.00096958316699,0.085433,62.51837162674997,0.086546,62.03007023993893,0.479019,110.15780953174837,0.560588,145.94420290172988,0.301364,32.21604594332546,0.267901,17.53497738370486,0.320499,40.61105675790692,0.320301,40.52418912575187,0.275804,21.00222433785367,0.204848,10.127976203533493
0.2,0.092597,0.066439,28.249295333542122,0.067739,26.845362160761155,0.069066,25.412270375930103,0.070388,23.98457833407129,0.071726,22.53960711470134,0.073075,21.082756460792464,0.074431,19.618346166722468,0.075789,18.151775975463572,0.39976,331.7202501160945,0.428051,362.27307580159186,0.209613,126.37126472779896,0.24836,168.21603291683314,0.216791,134.12313573873885,0.202062,118.21657289113037,0.207833,124.44895622968346,0.160468,73.29719105370584
0.22,0.059274,0.063284000000000007,6.7651921584505965,0.064664,9.093363025947294,0.066069,11.463710901913153,0.067463,13.81550089415257,0.06887,16.189222930795964,0.070286,18.578128690488242,0.071706,20.97378277153559,0.073124,23.36606269190538,0.410758,592.9817457907345,0.425541,617.9218544387084,0.188599,218.18166481087832,0.273406,361.25788710058373,0.187305,215.99858285251545,0.164954,178.29065020076257,0.177623,199.66427101258563,0.171884,189.98211694840913
0.24,0.059591,0.063242,6.126764108674143,0.064624,8.445906261012574,0.066029,10.803644845698186,0.067425,13.146280478595763,0.068833,15.509053380544055,0.07025,17.88692923428036,0.071671,20.271517511033547,0.073089,22.65107147052408,0.440892,639.8634021916062,0.465904,681.8361833162726,0.203235,241.0498229598429,0.274784,361.116611568861,0.174551,192.91503750566363,0.176193,195.6704871541004,0.176608,196.36690104210365,0.191407,221.20118809887396
0.26,0.051829,0.062462,20.515541492214776,0.063863,23.218661367188258,0.065288,25.96808736421694,0.066701,28.69436030021802,0.068127,31.445715718999,0.06956,34.21057709004611,0.070997,36.98315614810242,0.07243,39.7480175191495,0.430171,729.9812846090026,0.478053,822.3658569526713,0.220458,325.35646066873755,0.23538799999999999,354.16272743058903,0.166606,221.45324046383303,0.189599,265.8164348144861,0.179759,246.83092477184587,0.189361,265.3572324374385
0.28,0.036848,0.061078,65.75662179765523,0.062515,69.65642640034739,0.063973,73.61322188449849,0.065419,77.53745115067305,0.066875,81.48881893182806,0.068337,85.45646982197134,0.069802,89.43226226660879,0.071262,93.39448545375599,0.381922,936.4795918367347,0.468788,1172.2210160660009,0.224289,508.68703864524537,0.192948,423.6322188449849,0.172871,369.14622231871476,0.191223,418.95082501085545,0.175606,376.5686061658707,0.168715,357.86745549283546
0.3,0.025332,0.060048,137.04405495026052,0.061511,142.81935891362704,0.062995,148.67756197694612,0.064464,154.47655139744194,0.065943,160.31501657982,0.067427,166.1732196431391,0.068912,172.03537028264645,0.070392,177.87778304121267,0.336108,1226.8119374703933,0.471749,1762.2651192168007,0.213205,741.6429812095374,0.179142,607.1766935101848,0.184932,630.0331596399811,0.187667,640.8297805147639,0.167725,562.1072161692721,0.146366,477.79093636507184
0.32,0.019039,0.059454,212.2748043489679,0.060933,220.04306948894373,0.062431,227.9111297862283,0.063914,235.7004044330059,0.065406,243.53695047008773,0.066903,251.3997583906718,0.0684,259.26256631125585,0.069891,267.09385997163713,0.329767,1632.0605073795894,0.483502,2439.5346394243393,0.197791,938.8728399600818,0.187938,887.1211723304795,0.185432,873.9587163191345,0.183973,866.2954987131677,0.159509,737.8013551131888,0.140942,640.2804769158045
0.34,0.015225,0.05903,287.7175697865353,0.060519,297.4975369458128,0.062028,307.4088669950739,0.06352,317.20853858784886,0.065022,327.0738916256157,0.066528,336.9655172413793,0.068033,346.8505747126436,0.069533,356.70279146141206,0.368031,2317.2807881773397,0.480606,3056.6896551724135,0.193364,1170.0426929392447,0.201305,1222.200328407225,0.177551,1066.1806239737275,0.178217,1070.5550082101804,0.153069,905.3793103448277,0.157046,931.5008210180624
0.36,0.012835,0.058747,357.70938839111807,0.060243,369.36501753019087,0.061759,381.1764705882353,0.063258,392.85547331515386,0.064766,404.6045968056097,0.066277,416.37709388391124,0.067789,428.15738215816134,0.069294,439.88313206077135,0.421881,3186.9575379820803,0.470572,3566.318659914297,0.208237,1522.4152707440594,0.215126,1576.0888196338137,0.182562,1322.3763147643165,0.171529,1236.4160498636543,0.153236,1093.8917023763147,0.177712,1284.5890144137127
0.38,0.011514,0.058623,409.14538822303285,0.060123,422.1730067743616,0.061642,435.3656418273407,0.063143,448.40194545770373,0.064654,461.525099878409,0.066168,474.6743095362168,0.067682,487.82351919402475,0.069189,500.91193329859306,0.457696,3875.125933645996,0.479184,4061.7509119332985,0.236662,1955.4281743963872,0.230017,1897.7158242140003,0.209107,1716.1108216084767,0.173475,1406.6440854611776,0.161711,1304.472815702623,0.186497,1519.7411846447803
0.4,0.010301,0.058525,468.14872342491026,0.060028,482.73953985049997,0.061549,497.50509659256386,0.063053,512.1056208135133,0.064565,526.7838073973401,0.066082,541.5105329579653,0.067598,556.2275507232308,0.069107,570.8766139209787,0.462927,4394.000582467722,0.50328,4785.739248616639,0.264285,2465.624696631395,0.240301,2232.792932724978,0.243829,2267.0420347539075,0.191407,1758.1399864090865,0.176889,1617.202213377342,0.186533,1710.8241918260364
0.42,0.009144,0.058357,538.1999125109362,0.059864,554.6806649168855,0.061389,571.3582677165355,0.062897,587.8499562554681,0.064413,604.4291338582677,0.065933,621.052055993001,0.067452,637.6640419947507,0.068965,654.2104111986002,0.453216,4856.4304461942265,0.526618,5659.16447944007,0.282412,2988.4951881014877,0.246722,2598.1846019247596,0.275486,2912.751531058618,0.225815,2369.542869641295,0.205306,2145.2537182852143,0.189337,1970.6146106736658
0.44,0.009079,0.058193,540.9626610860228,0.059704,557.6054631567354,0.061233,574.4465249476815,0.062745,591.1003414472958,0.064265,607.8422733781254,0.065788,624.6172485956603,0.06731,641.3812093842934,0.068826,658.0790835995152,0.469252,5068.542791056284,0.563335,6104.813305430114,0.294699,3145.941182949664,0.263413,2801.343760326027,0.310192,3316.587729926204,0.279136,2974.5236259499943,0.258763,2750.1266659323715,0.202554,2131.016631787642
0.46,0.010079,0.058115,476.594900287727,0.059628,491.60631014981647,0.061159,506.79630915765455,0.062673,521.8176406389523,0.064194,536.9084234547079,0.065719,552.0388927472964,0.067243,567.1594404206767,0.06876,582.2105367595992,0.539296,5250.689552534975,0.628075,6131.520984224627,0.307406,2949.9652743327715,0.2972,2848.705228693323,0.355358,3425.726758607005,0.347892,3351.6519495981747,0.331472,3188.738962198631,0.230359,2185.5342791943644
0.48,0.010763,0.058075,439.58004273901327,0.059588,453.6374616742544,0.061121,467.88070240639223,0.062635,481.94741243147814,0.064158,496.09774226516777,0.065684,510.2759453683918,0.067208,524.4355662919261,0.068726,538.5394406763913,0.627636,5731.422465855245,0.686731,6280.4794202359935,0.318436,2858.617485831088,0.331907,2983.7777571309116,0.402729,3641.791322122085,0.407256,3683.85208584967,0.3938,3558.831180897519,0.266539,2376.4377961534888
0.5,0.011075,0.058004,423.7381489841987,0.059520000000000003,437.4266365688488,0.061054,451.27765237020316,0.06257,464.9661399548533,0.064094,478.7268623024831,0.065621,492.51467268623026,0.067148,506.3024830699774,0.068667,520.018058690745,0.662979,5886.266365688489,0.697079,6194.167042889391,0.322742,2814.1489841986454,0.346859,3031.909706546275,0.436595,3842.1670428893904,0.43309,3810.5191873589165,0.41947,3687.5395033860045,0.292143,2537.860045146727
