q_inverse_angstroms,debye,propo{e=0.380}_RhccCarborane,propo{e=0.380}_RhccCarborane_relDiffDebye,propo{e=0.390}_RhccCarborane,propo{e=0.390}_RhccCarborane_relDiffDebye,propo{e=0.400}_RhccCarborane,propo{e=0.400}_RhccCarborane_relDiffDebye,propo{e=0.410}_RhccCarborane,propo{e=0.410}_RhccCarborane_relDiffDebye,propo{e=0.420}_RhccCarborane,propo{e=0.420}_RhccCarborane_relDiffDebye,propo{e=0.430}_RhccCarborane,propo{e=0.430}_RhccCarborane_relDiffDebye,propo{e=0.440}_RhccCarborane,propo{e=0.440}_RhccCarborane_relDiffDebye,propo{e=0.450}_RhccCarborane,propo{e=0.450}_RhccCarborane_relDiffDebye,strat{a=0.15}_RhccCarborane,strat{a=0.15}_RhccCarborane_relDiffDebye,strat{a=0.20}_RhccCarborane,strat{a=0.20}_RhccCarborane_relDiffDebye,strat{a=0.25}_RhccCarborane,strat{a=0.25}_RhccCarborane_relDiffDebye,strat{a=0.30}_RhccCarborane,strat{a=0.30}_RhccCarborane_relDiffDebye,strat{a=0.35}_RhccCarborane,strat{a=0.35}_RhccCarborane_relDiffDebye,strat{a=0.40}_RhccCarborane,strat{a=0.40}_RhccCarborane_relDiffDebye,strat{a=0.45}_RhccCarborane,strat{a=0.45}_RhccCarborane_relDiffDebye,strat{a=0.50}_RhccCarborane,strat{a=0.50}_RhccCarborane_relDiffDebye
0,58.403088,12.818956,78.05089347330401,12.502544,78.59266619600662,12.186297,79.13415639940136,11.903491,79.61838764416018,11.62084,80.10235349199344,11.354965,80.557594831287,11.105852,80.9841356333761,10.873479,81.38201356750176,19.726087,66.22423971828339,113.083897,93.62657159498141,147.78779,153.04790390535516,72.03765,23.345618300183038,1714.955944,2836.413129387953,109.870025,88.12365709155654,1081.984639,1752.6154627303272,351.49398,501.84143002849453
0.02,54.572631,11.990852,78.02771869291037,11.695279,78.56933267520124,11.399872,79.11064247571278,11.135713,79.59469280489702,10.871707,80.07846277376657,10.623382,80.53349855901212,10.39072,80.95983314420006,10.173703,81.35749951289685,13.224424,75.76729624782064,31.332055,42.58650457955747,157.322353,188.2806823075838,148.101218,171.38368681546615,387.258634,609.6206045114445,429.081582,686.2578258321465,475.265991,770.8870770771524,352.103139,545.2009597997941
0.04,44.861835,9.890441,77.95355227890256,9.647726,78.49458008126507,9.405177,79.03523785863864,9.188312,79.51864429977063,8.9716,80.00170969377423,8.767787,80.45602236288373,8.576856,80.8816202012245,8.398786,81.27855001918668,16.44603,63.34071042791718,23.827635,46.886624231933446,29.849667,33.46311625460706,150.238174,234.89083538379555,363.799447,710.9330503310888,219.00178,388.16946520355225,659.172159,1369.3383786017669,275.731092,514.6228570454151
0.06,33.283905,7.383642,77.81617872061585,7.204012,78.35586900034717,7.024549,78.89505753606736,6.864127,79.3770382411559,6.70386,79.85855325569521,6.553171,80.3112915987472,6.412044,80.73530134159438,6.280458,81.13064557779504,9.39579,71.77077028671967,16.208563,51.30209931797365,377.754998,1034.9479515699857,52.05068,56.383933916407955,461.79991,1287.457120791566,299.30754,799.2560818810174,845.276172,2439.5943534870685,112.956627,239.37312043163206
0.08,23.356617,5.230968,77.60391412848873,5.105512,78.14104671066019,4.980221,78.67747285490874,4.868271,79.15678028200746,4.756474,79.63543264848671,4.651405,80.08527947347855,4.553046,80.50639782293814,4.461378,80.8988690442627,8.360231,64.20615622544994,167.308533,616.3217729690905,71.957855,208.08337954079565,29.090448,24.549064618390577,103.258115,342.09362597331625,249.848091,969.7100997117863,252.852813,982.5746425520442,518.178777,2118.552357132884
0.1,16.373585,3.714015,77.3170322809574,3.626734,77.85009208429308,3.539618,78.3821441669616,3.461824,78.85726308563457,3.384184,79.3314414650182,3.311263,79.77679903332104,3.243042,80.1934518311048,3.179502,80.58151589893112,4.541654,72.26231152188112,9.648682,41.07165901664173,289.769976,1669.7405668947883,82.751854,405.39850619152736,81.981062,400.6909726855786,85.618846,422.9083673489954,231.215001,1312.1220306976147,69.646174,325.35690259646867
0.12,11.746647,2.707508,76.95080136484904,2.645556,77.47820292888686,2.58377,78.00419132370284,2.528639,78.47352525363195,2.473662,78.94154817115044,2.42207,79.38075435483844,2.373846,79.79128852684515,2.328971,80.17331243545499,4.783991,59.27356121282949,7.261741,38.1803079636257,44.157072,275.9121390129456,17.554319,49.44110434237107,71.547103,509.08532451856274,71.246098,506.5228486052233,35.509327999999996,202.29330974192038,49.365831,320.2546564989993
0.14,8.426939,1.984982,76.44480397923849,1.941213,76.96419779471526,1.897609,77.4816336038507,1.858747,77.94279749740683,1.820039,78.40213391837773,1.783759,78.83265797936832,1.74989,79.23457141436529,1.718412,79.60811155747064,34.540214,309.8785335932774,38.707111,359.32587147005563,6.406029,23.981543001557274,57.887894,586.938566898372,52.148216,518.8275007093322,162.487348,1828.189441029536,28.643859,239.90822764944656,117.953677,1299.721500298032
0.16,5.84518,1.422493,75.66382900098884,1.392879,76.17046865964778,1.363431,76.67426837154714,1.337235,77.12243249994013,1.311192,77.56797908704266,1.286832,77.98473271995047,1.264138,78.37298423658467,1.243091,78.7330586910925,3.017363,48.378612805764746,3.902791,33.23061052012085,37.278628,537.7669806575674,138.300329,2266.0576577624643,12.93553,121.30250907585396,146.511434,2406.5341700341137,145.237724,2384.7433954129724,61.60729,953.9844795198778
0.18,3.884908,0.994106,74.41108000498339,0.975273,74.89585338957833,0.956606,75.37635382871358,0.940055,75.80238708355513,0.923658,76.22445628056057,0.908377,76.61779892857179,0.894193,76.98290409965949,0.88109,77.32018364398849,1.179738,69.63279439307185,2.900221,25.34646895113088,4.911664,26.429351737544373,5.294236,36.27699806533385,55.642719,1332.2789368499846,54.307721,1297.9152402064606,136.379336,3410.490750360112,10.895614,180.46002633781805
0.2,2.492155,0.687971,72.39453404784211,0.676842,72.84109535723098,0.665878,73.28103589062478,0.65622,73.668571978869693,0.646716,74.04992867618587,0.637923,74.40275584785056,0.629822,74.72781588625107,0.622395,75.02583105785956,48.021041,1826.8882152193582,1.883618,24.418104010384585,3.00706,20.6610343257141,5.276471,111.7232274878569,7.717069,209.65445568192987,133.009213,5237.116391235698,130.78793,5147.985378116529,40.046935,1506.9199146923045
0.22,1.528376,0.474193,68.97406135662952,0.468444,69.35021225143551,0.46286,69.71556737347355,0.458016,70.03250509037044,0.453326,70.3393667526839,0.449062,70.61835569257826,0.445209,70.87045334394155,0.441746,71.09703371421692,0.674906,55.841625359204805,0.832008,45.56261024774009,2.025595,32.53250509037044,30.618365,1903.3267337356776,52.15427,3312.3978654467223,30.735385,1910.9832266405651,115.925874,7484.905415944768,7.325746,379.3156919501484
0.24,0.864355,0.324908,62.410352227961894,0.322915,62.6409287850478,0.321089,62.852184576938875,0.319606,63.02375759959739,0.318277,63.17751386872293,0.317177,63.3047763939585,0.316289,63.40751195978503,0.315594,63.48791873709298,27.832687,3120.0527561013705,114.813336,13183.122790982872,335.045598,38662.498973222806,28.765635,3227.9885000954473,28.993272,3254.3245541473125,112.723303,12941.320175159512,476.256341,54999.622377379674,5.928727,585.9134267748784
0.26,0.438228,0.226909,48.2212455616711,0.227383,48.11308268755077,0.228022,47.96726818003414,0.228746,47.80205737652546,0.229623,47.60193324023111,0.230601,47.37876174046387,0.23166,47.137106711574795,0.232782,46.88107560447986,0.354403,19.1281707239154,29.657287,6667.547258504706,1.767804,303.3982310578055,45.709287,10330.480708672198,2.548732,481.5995326633625,4.06155,826.8120704290918,5.226363,1092.6127495276432,3.90392,790.8422099911461
0.28,0.20569,0.17092,16.904078953765385,0.172802,15.989109825465505,0.174851,14.99295055666294,0.176835,14.028392240750653,0.178973,12.988963974913714,0.181137,11.936895327920666,0.183309,10.880937332879581,0.185469,9.830813359910552,0.287395,39.722397783071614,0.499599,142.88929943118282,30.163816,14564.697360105012,44.706762,21635.01968982449,26.91084,12983.202878117556,1.075794,423.01716174826186,29.383466,14185.315766444648,29.641494,14310.760853711894
0.3,0.10192,0.143263,40.56416797488227,0.145842,43.09458398744113,0.148587,45.78787284144427,0.151194,48.34576138147567,0.153955,51.05474882260598,0.156705,53.752943485086355,0.159426,56.42268445839876,0.162099,59.04532967032967,0.139459,36.83182888540032,28.860681,28216.994701726842,28.430287,27794.70859497645,0.794036,679.0777080062794,28.667629,28027.579474097336,1.184257,1061.947605965463,30.105377,29438.242739403457,31.575841,30881.005690737835
0.32,0.066976,0.131313,96.05978260869568,0.134193,100.35983038700434,0.137238,104.90623506927857,0.140114,109.20031055900621,0.143144,113.72431915910177,0.146148,118.20950788342095,0.149106,122.62601528905877,0.152001,126.94845914954614,29.092331,43336.94905637841,28.020196,41736.174151935025,28.083588,41830.822981366466,0.403606,502.6128762541807,26.873249,40023.6995341615,1.179323,1660.8143215480172,52.363472,78082.44147157192,49.623741,73991.8254300048
0.34,0.070951,0.128861,81.61970937689391,0.131802,85.76482361066088,0.134909,90.14390212963876,0.13784,94.27492212935687,0.140925,98.62299333342729,0.143981,102.93019125875604,0.146988,107.16832743724542,0.149928,111.3120322476075,27.753193,39015.99977449225,59.6413,83959.84411777143,27.557113,38739.64003326239,28.399915,39927.50489774633,29.210993,41070.657214133695,60.08934,84591.32218009612,29.224483,41089.670335865594,2.394319,3274.6092373609954
0.36,0.099971,0.132865,32.90354202718789,0.135706,35.745366156185284,0.138712,38.752238149063224,0.141553,41.59406227806065,0.144548,44.58993108001321,0.147519,47.56179291994679,0.150446,50.48964199617888,0.153312,53.356473377279414,0.168255,68.30380810435024,0.245081,145.1520941072911,0.256137,156.21130127737044,28.771722,28680.068219783738,28.22601,28134.19791739604,0.969388,869.6692040691801,29.619673,29528.2651969071,117.599282,117533.39568474857
0.38,0.137653,0.13938,1.2546039679483967,0.142056,3.1986226235534208,0.144898,5.263234364670586,0.147593,7.221055843316168,0.150441,9.290026370656648,0.153273,11.347373468068254,0.156072,13.380747241251548,0.158817,15.374891938424891,0.433691,215.06105933034516,29.21447,21123.271559646353,29.213832,21122.808075377943,97.119689,70453.99373787713,54.410535,39427.31506033287,153.964614,111749.80639724527,1.488943,981.664039287193,157.653794,114429.86422380916
0.4,0.169735,0.144916,14.622205202227006,0.147454,13.126933160514916,0.150156,11.535039915161862,0.152726,10.020914955666184,0.15545,8.416060329336903,0.158165,6.816508086134267,0.160853,5.232862992311546,0.163496,3.6757298141220107,29.063686,17022.97758270245,0.417497,145.96989424691432,0.482155,184.0633929360474,1.212375,614.2751936842726,0.523334,208.32415235514185,1.126542,563.7063658055204,53.139754,31207.481662591686,98.273185,57798.008660559106
0.42,0.192445,0.148688,22.73740549247838,0.15113,21.468471511340912,0.153738,20.113279118709237,0.156223,18.82200109122087,0.158862,17.45070020005716,0.161497,16.081477824833073,0.16411,14.723687287276885,0.166683,13.386681909116893,29.845597,15408.637272987087,0.290022,50.703837460053514,30.018753,15498.61414949726,29.873091,15422.923952298057,163.039234,84619.91166307256,68.878536,35691.2837434072,119.585471,62040.07690508976,135.31841,70215.36802722856
0.44,0.20623,0.151147,26.70949910294331,0.153527,25.555447800998888,0.156073,24.32090384522136,0.158503,23.142607768025986,0.161086,21.890122678562765,0.163669,20.637637589099544,0.166233,19.394365514231684,0.168761,18.16854967754449,0.320553,55.43470882024922,0.584078,183.21679678029383,29.143012,14031.315521505116,120.861639,58505.265480288996,0.631594,206.2570915967609,190.5788,92310.80347185182,118.065146,57149.25859477282,30.336752,14610.1546816661
0.46,0.208133,0.151815,27.058659607078166,0.154179,25.922847410069522,0.156708,24.707758981036175,0.159123,23.54744322140171,0.161691,22.313616773889777,0.16426,21.079309864365584,0.166811,19.853651271062265,0.169326,18.645289310200692,64.743341,31006.71589800752,31.200992,14890.891401171364,0.829807,298.6907410165615,1.181448,467.6408834735482,0.765768,267.92243421273895,34.221943,16342.343597603456,32.739535,15630.102866916826,165.948348,79631.87721312814
0.48,0.196208,0.150007,23.546950175324145,0.152416,22.319171491478432,0.15499,21.007298377232328,0.157446,19.75556552230286,0.160055,18.42585419554758,0.162662,17.097162195221394,0.165249,15.778663459186163,0.167797,14.480041588518302,0.198242,1.0366549783902839,1.488132,658.4461387914866,1.281867,553.3204558427792,0.456426,132.62354236320638,1.417498,622.4465872951155,30.489396,15439.323574981654,1.135992,478.9733344206149,30.486762,15437.981122074532
0.5,0.175527,0.146431,16.57636716858374,0.14893,15.15265457735846,0.151595,13.63436964113782,0.154131,12.189577671811175,0.156821,10.657049912549068,0.159503,9.129079856660221,0.162162,7.614213197969537,0.164776,6.1249836207534925,0.294958,68.04138394662931,0.235975,34.4380066884297,61.061881,34687.742626490515,1.152322,556.4927333116843,1.768186,907.3584120961449,32.138477,18209.70562933338,2.009503,1044.8398252120758,1.158884,560.2311895036091
